Name,Geo_id,"Estimate, Households, Median income (dollars)","Margin of Error, Households, Median income (dollars)","Estimate, Households, Mean income (dollars)","Margin of Error, Households, Mean income (dollars)"
"Redding, CA Metro Area",310M200US39820,40332,3172,54920,2694
"Reading, PA Metro Area",310M200US39740,56043,2243,71525,1965
"Reno, NV Metro Area",310M200US39900,53948,3054,72995,2659
"Richmond, IN Micro Area",310M200US39980,34745,3593,47227,3338
"Richmond, VA Metro Area",310M200US40060,57286,1294,75966,1551
"Richmond-Berea, KY Micro Area",310M200US40080,42366,3804,56272,3016
"Riverside-San Bernardino-Ontario, CA Metro Area",310M200US40140,53220,897,70282,730
"Roanoke, VA Metro Area",310M200US40220,47890,2240,64933,3184
"Roanoke Rapids, NC Micro Area",310M200US40260,31053,3714,40966,3191
"Rochester, MN Metro Area",310M200US40340,62645,2008,83308,2542
"Rochester, NY Metro Area",310M200US40380,51857,929,68486,1497
"Rockford, IL Metro Area",310M200US40420,48027,1946,63922,2942
"Rocky Mount, NC Metro Area",310M200US40580,36949,3402,51804,3574
"Rome, GA Metro Area",310M200US40660,37296,4441,49345,3377
"Roseburg, OR Micro Area",310M200US40700,40605,2587,53808,4961
"Roswell, NM Micro Area",310M200US40740,45753,4308,60102,5993
"Russellville, AR Micro Area",310M200US40780,37037,2436,48050,3315
"Sacramento--Roseville--Arden-Arcade, CA Metro Area",310M200US40900,57027,974,76775,1255
"Saginaw, MI Metro Area",310M200US40980,41548,1906,56990,3269
"St. Cloud, MN Metro Area",310M200US41060,55513,2855,69156,2843
"St. George, UT Metro Area",310M200US41100,51063,3570,66145,4618
"St. Joseph, MO-KS Metro Area",310M200US41140,45024,2496,55805,2505
"St. Louis, MO-IL Metro Area",310M200US41180,54449,766,73426,1216
"Salem, OH Micro Area",310M200US41400,42100,3513,53026,3718
"Salem, OR Metro Area",310M200US41420,47232,2451,58848,2026
"Salinas, CA Metro Area",310M200US41500,57052,3890,78296,3534
"Salisbury, MD-DE Metro Area",310M200US41540,50009,2266,65421,2697
"Salt Lake City, UT Metro Area",310M200US41620,61520,855,80117,1544
"San Angelo, TX Metro Area",310M200US41660,46010,2628,62893,5403
"San Antonio-New Braunfels, TX Metro Area",310M200US41700,51716,830,68688,1042
"San Diego-Carlsbad, CA Metro Area",310M200US41740,61426,812,85967,1501
"San Francisco-Oakland-Hayward, CA Metro Area",310M200US41860,79624,1280,112911,1493
"Sandusky, OH Micro Area",310M200US41780,46073,2283,57501,3621
"San Germán, PR Metro Area",310M200US41900,17645,2038,25972,2218
"San Jose-Sunnyvale-Santa Clara, CA Metro Area",310M200US41940,91533,1388,123386,1984
"San Juan-Carolina-Caguas, PR Metro Area",310M200US41980,21574,471,34056,987
"San Luis Obispo-Paso Robles-Arroyo Grande, CA Metro Area",310M200US42020,58158,2686,76395,3222
"Santa Cruz-Watsonville, CA Metro Area",310M200US42100,68438,5190,87206,3832
"Santa Fe, NM Metro Area",310M200US42140,51833,2619,71652,3495
"Santa Maria-Santa Barbara, CA Metro Area",310M200US42200,62421,3413,92050,4618
"Santa Rosa, CA Metro Area",310M200US42220,61029,1565,84692,3352
"Savannah, GA Metro Area",310M200US42340,48958,3093,66772,2764
"Scranton--Wilkes-Barre--Hazleton, PA Metro Area",310M200US42540,45333,1402,59403,1821
"Searcy, AR Micro Area",310M200US42620,43643,2988,56991,5397
"Seattle-Tacoma-Bellevue, WA Metro Area",310M200US42660,67479,899,89940,1182
"Sebastian-Vero Beach, FL Metro Area",310M200US42680,42401,3147,66564,4984
"Sebring, FL Metro Area",310M200US42700,33811,1919,48403,4838
"Seneca, SC Micro Area",310M200US42860,40565,2912,53457,3955
"Sevierville, TN Micro Area",310M200US42940,40715,3332,52307,3607
"Sioux City, IA-NE-SD Metro Area",310M200US43580,47270,3073,60445,3176
"Sioux Falls, SD Metro Area",310M200US43620,55952,2453,71949,3102
"Somerset, PA Micro Area",310M200US43740,43429,2945,55886,3498
"South Bend-Mishawaka, IN-MI Metro Area",310M200US43780,40784,993,56673,2512
"Spartanburg, SC Metro Area",310M200US43900,41062,1646,54484,2022
"Shawnee, OK Micro Area",310M200US43060,45012,2721,55012,3602
"Sheboygan, WI Metro Area",310M200US43100,50678,2740,61297,2814
"Shelby, NC Micro Area",310M200US43140,40581,2344,52771,4652
"Sherman-Denison, TX Metro Area",310M200US43300,44378,2905,60658,4253
"Show Low, AZ Micro Area",310M200US43320,38400,3836,48863,3499
"Shreveport-Bossier City, LA Metro Area",310M200US43340,41583,1358,60661,2248
"Sierra Vista-Douglas, AZ Metro Area",310M200US43420,46647,3806,62559,4024
"Spokane-Spokane Valley, WA Metro Area",310M200US44060,47485,1751,60832,1706
"Springfield, IL Metro Area",310M200US44100,55366,2419,72481,3447
"Springfield, MA Metro Area",310M200US44140,52397,1757,70360,2392
"Springfield, MO Metro Area",310M200US44180,41034,915,56737,1943
"Springfield, OH Metro Area",310M200US44220,43742,2930,59914,3503
"State College, PA Metro Area",310M200US44300,53207,4446,69025,3715
"Statesboro, GA Micro Area",310M200US44340,36153,2799,50557,6588
"Staunton-Waynesboro, VA Metro Area",310M200US44420,49767,3642,73025,8865
"Stevens Point, WI Micro Area",310M200US44620,49872,4552,60387,3667
"Stillwater, OK Micro Area",310M200US44660,36087,4324,54054,3826
"Stockton-Lodi, CA Metro Area",310M200US44700,51432,1301,66389,1891
"Sumter, SC Metro Area",310M200US44940,39780,2773,52558,3855
"Sunbury, PA Micro Area",310M200US44980,41011,2281,52241,2773
"Syracuse, NY Metro Area",310M200US45060,51496,1318,68595,1865
"Talladega-Sylacauga, AL Micro Area",310M200US45180,37810,4043,51856,4667
"Tallahassee, FL Metro Area",310M200US45220,44420,2371,61497,2175
"Tampa-St. Petersburg-Clearwater, FL Metro Area",310M200US45300,45880,669,64234,901
"Terre Haute, IN Metro Area",310M200US45460,40629,3247,51455,2457
"Texarkana, TX-AR Metro Area",310M200US45500,40382,2504,59202,5359
"The Villages, FL Metro Area",310M200US45540,52891,3106,65569,6699
"Toledo, OH Metro Area",310M200US45780,42792,1837,59370,2065
"Topeka, KS Metro Area",310M200US45820,50369,1832,61897,2050
"Torrington, CT Micro Area",310M200US45860,70981,3524,90110,4841
"Traverse City, MI Micro Area",310M200US45900,49270,2725,64059,4729
"Trenton, NJ Metro Area",310M200US45940,70857,2063,99334,3988
"Truckee-Grass Valley, CA Micro Area",310M200US46020,54851,5124,73621,5659
"Tucson, AZ Metro Area",310M200US46060,43824,1116,61719,1944
"Tullahoma-Manchester, TN Micro Area",310M200US46100,42304,4365,57040,5603
"Tulsa, OK Metro Area",310M200US46140,48327,978,65987,1210
"Tupelo, MS Micro Area",310M200US46180,41990,2522,55986,4026
"Tuscaloosa, AL Metro Area",310M200US46220,44895,2933,57677,3166
"Twin Falls, ID Micro Area",310M200US46300,44424,4539,53501,3023
"Tyler, TX Metro Area",310M200US46340,47745,3549,65102,4213
"Ukiah, CA Micro Area",310M200US46380,42042,4562,62971,10969
"Urban Honolulu, HI Metro Area",310M200US46520,73388,1774,92931,2279
"Utica-Rome, NY Metro Area",310M200US46540,43396,2249,56058,1856
"Valdosta, GA Metro Area",310M200US46660,35104,3490,46505,2650
"Vallejo-Fairfield, CA Metro Area",310M200US46700,63520,3371,80551,2715
"Victoria, TX Metro Area",310M200US47020,52111,3322,69188,4990
"Vineland-Bridgeton, NJ Metro Area",310M200US47220,45978,2820,59490,3681
"Virginia Beach-Norfolk-Newport News, VA-NC Metro Area",310M200US47260,56161,850,72966,1132
"Visalia-Porterville, CA Metro Area",310M200US47300,39422,2284,54293,2291
"Waco, TX Metro Area",310M200US47380,40170,2761,57593,3924
"Walla Walla, WA Metro Area",310M200US47460,43870,4794,57666,4701
"Warner Robins, GA Metro Area",310M200US47580,48553,4490,60990,3710
"Kalamazoo-Portage, MI Metro Area",310M200US28020,45699,2018,61422,2415
"Kalispell, MT Micro Area",310M200US28060,47802,3918,60365,4172
"Kankakee, IL Metro Area",310M200US28100,49761,3843,62730,5082
"Kansas City, MO-KS Metro Area",310M200US28140,56248,998,74518,1442
"Kapaa, HI Micro Area",310M200US28180,60155,7082,79118,8237
"Keene, NH Micro Area",310M200US28300,51945,3307,64847,4496
"Kennewick-Richland, WA Metro Area",310M200US28420,58542,2631,72796,2804
"Key West, FL Micro Area",310M200US28580,50838,3977,81735,12444
"Killeen-Temple, TX Metro Area",310M200US28660,50447,1674,62332,2437
"Kingsport-Bristol-Bristol, TN-VA Metro Area",310M200US28700,39128,1681,52695,2064
"Kingston, NY Metro Area",310M200US28740,58429,3682,75070,3424
"Klamath Falls, OR Micro Area",310M200US28900,36885,3491,52082,3844
"Knoxville, TN Metro Area",310M200US28940,45051,1285,62864,1685
"Laredo, TX Metro Area",310M200US29700,39991,2637,53207,2962
"Las Cruces, NM Metro Area",310M200US29740,36343,3290,52617,3347
"Las Vegas-Henderson-Paradise, NV Metro Area",310M200US29820,51057,747,67150,1423
"Laurel, MS Micro Area",310M200US29860,34844,5507,45466,4033
"Lawrence, KS Metro Area",310M200US29940,52150,4124,69922,5758
"Kokomo, IN Metro Area",310M200US29020,44265,4320,55634,3003
"La Crosse-Onalaska, WI-MN Metro Area",310M200US29100,51024,3374,63986,3145
"Lafayette, LA Metro Area",310M200US29180,48105,2676,66453,3033
"Lafayette-West Lafayette, IN Metro Area",310M200US29200,48372,2566,61507,5353
"LaGrange, GA Micro Area",310M200US29300,43642,4759,67486,10788
"Lake Charles, LA Metro Area",310M200US29340,43479,4355,62881,3817
"Lake City, FL Micro Area",310M200US29380,45220,4578,56629,4479
"Lake Havasu City-Kingman, AZ Metro Area",310M200US29420,39058,2478,50777,3449
"Lakeland-Winter Haven, FL Metro Area",310M200US29460,42435,1473,55506,1709
"Lancaster, PA Metro Area",310M200US29540,56922,1819,71281,2102
"Lansing-East Lansing, MI Metro Area",310M200US29620,49383,1634,65179,1979
"Lawton, OK Metro Area",310M200US30020,41813,3571,56698,3648
"Lebanon, PA Metro Area",310M200US30140,55973,3091,68552,4121
"Lewiston, ID-WA Metro Area",310M200US30300,45417,3909,56742,4292
"Lewiston-Auburn, ME Metro Area",310M200US30340,44127,3784,55709,4102
"Lexington-Fayette, KY Metro Area",310M200US30460,50279,1699,68529,2454
"Lima, OH Metro Area",310M200US30620,43030,3327,56070,3645
"Lincoln, NE Metro Area",310M200US30700,52300,2033,68463,2606
"Little Rock-North Little Rock-Conway, AR Metro Area",310M200US30780,48304,1599,65319,2336
"Logan, UT-ID Metro Area",310M200US30860,47377,3405,60016,3349
"London, KY Micro Area",310M200US30940,32644,1950,43881,3073
"Longview, TX Metro Area",310M200US30980,45175,3902,61076,3863
"Manitowoc, WI Micro Area",310M200US31820,47181,1759,61447,3368
"Mankato-North Mankato, MN Metro Area",310M200US31860,53047,4042,70049,4397
"Mansfield, OH Metro Area",310M200US31900,39455,2274,51740,4050
"Marinette, WI-MI Micro Area",310M200US31940,39669,2700,49716,2782
"Marion, IN Micro Area",310M200US31980,38665,3135,47875,3164
"Longview, WA Metro Area",310M200US31020,48417,3560,60777,4109
"Los Angeles-Long Beach-Anaheim, CA Metro Area",310M200US31080,58869,555,85536,738
"Louisville/Jefferson County, KY-IN Metro Area",310M200US31140,50905,839,69070,1876
"Lubbock, TX Metro Area",310M200US31180,47172,2378,65462,3138
"Lufkin, TX Micro Area",310M200US31260,42750,5249,57588,4816
"Lumberton, NC Micro Area",310M200US31300,29542,1851,39587,2260
"Lynchburg, VA Metro Area",310M200US31340,47821,2063,60112,2981
"Macon, GA Metro Area",310M200US31420,39484,3589,56618,3553
"Madera, CA Metro Area",310M200US31460,39758,3435,56655,4219
"Madison, WI Metro Area",310M200US31540,59466,1431,77574,2137
"Manchester-Nashua, NH Metro Area",310M200US31700,67574,3400,85775,3382
"Manhattan, KS Metro Area",310M200US31740,46375,2164,67828,7764
"Marion, OH Micro Area",310M200US32020,41849,3405,57968,6446
"Marquette, MI Micro Area",310M200US32100,45011,4111,60218,5048
"Marshall, TX Micro Area",310M200US32220,39701,4302,59691,9748
"Martinsville, VA Micro Area",310M200US32300,35907,2549,45289,3531
"Mayagüez, PR Metro Area",310M200US32420,16095,1558,25977,2911
"McAllen-Edinburg-Mission, TX Metro Area",310M200US32580,35098,1606,49432,1871
"Meadville, PA Micro Area",310M200US32740,44575,2616,55395,2945
"Medford, OR Metro Area",310M200US32780,43363,3149,57279,3377
"Memphis, TN-MS-AR Metro Area",310M200US32820,46962,1230,66046,1393
"Merced, CA Metro Area",310M200US32900,40687,2019,55311,2541
"Meridian, MS Micro Area",310M200US32940,31713,2138,51685,5022
"Mobile, AL Metro Area",310M200US33660,42944,2180,55932,1971
"Modesto, CA Metro Area",310M200US33700,47962,2536,67565,5341
"Monroe, LA Metro Area",310M200US33740,37536,4163,54931,3227
"Monroe, MI Metro Area",310M200US33780,53561,5225,67005,4278
"Montgomery, AL Metro Area",310M200US33860,45859,1862,62057,2515
"Morehead City, NC Micro Area",310M200US33980,45231,3526,59026,3360
"Miami-Fort Lauderdale-West Palm Beach, FL Metro Area",310M200US33100,46946,602,71172,971
"Michigan City-La Porte, IN Metro Area",310M200US33140,46506,4073,59212,3490
"Midland, MI Metro Area",310M200US33220,49913,4949,70375,5855
"Midland, TX Metro Area",310M200US33260,71442,4896,102205,10421
"Milwaukee-Waukesha-West Allis, WI Metro Area",310M200US33340,51957,709,71659,1099
"Minneapolis-St. Paul-Bloomington, MN-WI Metro Area",310M200US33460,67194,790,86712,1059
"Minot, ND Micro Area",310M200US33500,58136,5178,72754,5498
"Missoula, MT Metro Area",310M200US33540,48077,4956,61207,5414
"Morgantown, WV Metro Area",310M200US34060,47051,3286,62160,3592
"Morristown, TN Metro Area",310M200US34100,40957,4109,52772,4374
"Moses Lake, WA Micro Area",310M200US34180,46728,4277,53693,3171
"Mount Airy, NC Micro Area",310M200US34340,35579,1882,46864,2738
"Mount Pleasant, MI Micro Area",310M200US34380,37488,3565,49048,3462
"Mount Vernon-Anacortes, WA Metro Area",310M200US34580,52448,2335,68632,4372
"Muncie, IN Metro Area",310M200US34620,36402,2314,50407,3030
"Muskegon, MI Metro Area",310M200US34740,41630,2311,52010,2099
"Muskogee, OK Micro Area",310M200US34780,39130,4315,53021,3297
"Myrtle Beach-Conway-North Myrtle Beach, SC-NC Metro Area",310M200US34820,43540,1611,57058,1902
"Nacogdoches, TX Micro Area",310M200US34860,35587,7637,59655,8897
"Napa, CA Metro Area",310M200US34900,70914,4646,93591,5739
"Naples-Immokalee-Marco Island, FL Metro Area",310M200US34940,54406,4231,89719,6420
"Nashville-Davidson--Murfreesboro--Franklin, TN Metro Area",310M200US34980,51996,918,71471,1216
"New Bern, NC Metro Area",310M200US35100,44560,2354,57200,3315
"New Castle, PA Micro Area",310M200US35260,43425,4057,56510,3407
"New Haven-Milford, CT Metro Area",310M200US35300,58571,2218,81252,2046
"New Orleans-Metairie, LA Metro Area",310M200US35380,45981,1189,67164,1839
"New Philadelphia-Dover, OH Micro Area",310M200US35420,44130,2494,56826,4454
"New York-Newark-Jersey City, NY-NJ-PA Metro Area",310M200US35620,65786,424,96934,860
"Niles-Benton Harbor, MI Metro Area",310M200US35660,44747,2770,60408,2374
"North Port-Sarasota-Bradenton, FL Metro Area",310M200US35840,48283,1773,68970,2362
"North Wilkesboro, NC Micro Area",310M200US35900,31135,4121,44783,5111
"Norwich-New London, CT Metro Area",310M200US35980,62883,3149,82557,3180
"Oak Harbor, WA Micro Area",310M200US36020,51893,3484,72265,6303
"Ocala, FL Metro Area",310M200US36100,38695,1652,51039,2220
"Ocean City, NJ Metro Area",310M200US36140,60560,4810,76676,3952
"Odessa, TX Metro Area",310M200US36220,55710,4602,76085,4909
"Ogden-Clearfield, UT Metro Area",310M200US36260,62785,1755,74632,1742
"Ogdensburg-Massena, NY Micro Area",310M200US36300,45157,4959,57237,4893
"Oklahoma City, OK Metro Area",310M200US36420,50136,1079,67369,1429
"Olean, NY Micro Area",310M200US36460,40362,2751,53813,3177
"Olympia-Tumwater, WA Metro Area",310M200US36500,59785,2603,71766,2594
"Omaha-Council Bluffs, NE-IA Metro Area",310M200US36540,55382,1323,72701,1421
"Opelousas, LA Micro Area",310M200US36660,31955,4905,47940,4178
"Orangeburg, SC Micro Area",310M200US36700,31230,2282,42071,2782
"Orlando-Kissimmee-Sanford, FL Metro Area",310M200US36740,46962,830,63634,1222
"Oshkosh-Neenah, WI Metro Area",310M200US36780,49776,2067,63327,2929
"Ottawa-Peru, IL Micro Area",310M200US36860,48290,3436,63592,3041
"Owensboro, KY Metro Area",310M200US36980,46268,2286,59180,3292
"Parkersburg-Vienna, WV Metro Area",310M200US37620,40945,2072,53425,2777
"Pensacola-Ferry Pass-Brent, FL Metro Area",310M200US37860,47336,2415,60483,2402
"Peoria, IL Metro Area",310M200US37900,52614,2693,69625,2413
"Philadelphia-Camden-Wilmington, PA-NJ-DE-MD Metro Area",310M200US37980,60482,574,84501,798
"Owosso, MI Micro Area",310M200US37020,41892,4159,51095,3022
"Oxnard-Thousand Oaks-Ventura, CA Metro Area",310M200US37100,77363,2133,101302,2527
"Paducah, KY-IL Micro Area",310M200US37140,41137,2056,55617,3997
"Palatka, FL Micro Area",310M200US37260,32295,3510,45044,5410
"Palm Bay-Melbourne-Titusville, FL Metro Area",310M200US37340,46472,1836,60739,1805
"Panama City, FL Metro Area",310M200US37460,45620,2490,60267,3405
"Phoenix-Mesa-Scottsdale, AZ Metro Area",310M200US38060,51847,515,71150,815
"Pine Bluff, AR Metro Area",310M200US38220,34665,3596,47807,2807
"Pinehurst-Southern Pines, NC Micro Area",310M200US38240,49959,3736,68742,5295
"Pittsburgh, PA Metro Area",310M200US38300,51291,513,69814,997
"Pittsfield, MA Metro Area",310M200US38340,52514,2831,71181,4367
"Plattsburgh, NY Micro Area",310M200US38460,43892,5665,61200,5675
"Pocatello, ID Metro Area",310M200US38540,42174,2570,58017,3874
"Ponce, PR Metro Area",310M200US38660,15550,816,24347,1291
"Port Angeles, WA Micro Area",310M200US38820,46566,3259,58506,3722
"Portland-South Portland, ME Metro Area",310M200US38860,54766,1785,73210,1916
"Portland-Vancouver-Hillsboro, OR-WA Metro Area",310M200US38900,59168,1127,77510,1105
"Port St. Lucie, FL Metro Area",310M200US38940,45322,2125,67428,3928
"Portsmouth, OH Micro Area",310M200US39020,37351,5842,52472,4903
"Pottsville, PA Micro Area",310M200US39060,41114,2749,55130,2667
"Prescott, AZ Metro Area",310M200US39140,39895,2182,51801,2731
"Providence-Warwick, RI-MA Metro Area",310M200US39300,55055,1456,74920,1441
"Provo-Orem, UT Metro Area",310M200US39340,60051,2158,74889,2106
"Pueblo, CO Metro Area",310M200US39380,41218,2572,52754,2245
"Punta Gorda, FL Metro Area",310M200US39460,43698,1777,57263,2992
"Quincy, IL-MO Micro Area",310M200US39500,41349,3462,51096,3262
"Racine, WI Metro Area",310M200US39540,54209,2985,70215,2764
"Raleigh, NC Metro Area",310M200US39580,61710,1493,82896,1748
"Rapid City, SD Metro Area",310M200US39660,48641,2050,63509,3333
"Warsaw, IN Micro Area",310M200US47700,51221,2685,65887,5410
"Washington-Arlington-Alexandria, DC-VA-MD-WV Metro Area",310M200US47900,90149,795,116153,882
"Waterloo-Cedar Falls, IA Metro Area",310M200US47940,49050,2307,64448,2697
"Watertown-Fort Atkinson, WI Micro Area",310M200US48020,51235,2930,68318,5488
"Watertown-Fort Drum, NY Metro Area",310M200US48060,46683,3783,59121,3601
"Wausau, WI Metro Area",310M200US48140,51635,1300,66143,3239
"Weirton-Steubenville, WV-OH Metro Area",310M200US48260,39277,2641,52277,3272
"Wenatchee, WA Metro Area",310M200US48300,51177,1953,62203,4634
"Wheeling, WV-OH Metro Area",310M200US48540,40289,2625,56665,3847
"Whitewater-Elkhorn, WI Micro Area",310M200US48580,52057,2882,69335,3595
"Wichita, KS Metro Area",310M200US48620,49476,1388,64734,1625
"Wichita Falls, TX Metro Area",310M200US48660,44702,3505,58439,3567
"Williamsport, PA Metro Area",310M200US48700,47373,3113,60388,3670
"Wilmington, NC Metro Area",310M200US48900,47594,2645,66863,3400
"Wilson, NC Micro Area",310M200US48980,41095,2178,54035,3841
"Winchester, VA-WV Metro Area",310M200US49020,55045,5148,69105,3649
"Winston-Salem, NC Metro Area",310M200US49180,42563,1897,61314,1857
"Wisconsin Rapids-Marshfield, WI Micro Area",310M200US49220,47726,3909,62062,6083
"Wooster, OH Micro Area",310M200US49300,49849,2653,60314,2625
"Worcester, MA-CT Metro Area",310M200US49340,61789,1546,78909,1563
"Yakima, WA Metro Area",310M200US49420,41917,2075,53764,2515
"York-Hanover, PA Metro Area",310M200US49620,57065,2028,71587,2807
"Youngstown-Warren-Boardman, OH-PA Metro Area",310M200US49660,41992,1056,54720,1389
"Yuba City, CA Metro Area",310M200US49700,46773,2545,60686,3098
"Yuma, AZ Metro Area",310M200US49740,41666,2672,55512,3264
"Zanesville, OH Micro Area",310M200US49780,39212,4380,51099,3740
"Ithaca, NY Metro Area",310M200US27060,48516,5182,71076,6593
"Jackson, MI Metro Area",310M200US27100,43668,3721,56509,2797
"Jackson, MS Metro Area",310M200US27140,43611,1752,61545,2132
"Jackson, TN Metro Area",310M200US27180,38663,2205,57967,4763
"Jacksonville, FL Metro Area",310M200US27260,51495,930,71515,1812
"Jacksonville, NC Metro Area",310M200US27340,44673,4089,54335,2633
"Jamestown-Dunkirk-Fredonia, NY Micro Area",310M200US27460,40413,2140,52366,2915
"Janesville-Beloit, WI Metro Area",310M200US27500,47118,4696,59182,2451
"Jefferson City, MO Metro Area",310M200US27620,47586,3652,59917,3277
"Johnson City, TN Metro Area",310M200US27740,37423,2599,54439,3939
"Johnstown, PA Metro Area",310M200US27780,41423,2522,53223,2782
"Jonesboro, AR Metro Area",310M200US27860,39552,2542,54345,6466
"Joplin, MO Metro Area",310M200US27900,40852,1666,56818,3912
"Kahului-Wailuku-Lahaina, HI Metro Area",310M200US27980,65541,4540,83896,5807
"Aberdeen, WA Micro Area",310M200US10140,41315,4597,51932,4019
"Abilene, TX Metro Area",310M200US10180,44149,2375,57937,3041
"Adrian, MI Micro Area",310M200US10300,45938,2554,56687,3315
"Aguadilla-Isabela, PR Metro Area",310M200US10380,15323,813,21901,946
"Akron, OH Metro Area",310M200US10420,49984,1544,67507,1881
"Alamogordo, NM Micro Area",310M200US10460,44102,3496,50974,3673
"Albany, GA Metro Area",310M200US10500,34756,2891,49937,3451
"Albany, OR Metro Area",310M200US10540,45130,3551,53222,2799
"Albany-Schenectady-Troy, NY Metro Area",310M200US10580,59626,1981,76670,1557
"Albertville, AL Micro Area",310M200US10700,38116,3568,53020,4391
"Albuquerque, NM Metro Area",310M200US10740,48355,2109,64625,1617
"Alexandria, LA Metro Area",310M200US10780,39960,2952,57562,3850
"Allentown-Bethlehem-Easton, PA-NJ Metro Area",310M200US10900,56543,1424,74355,1786
"Altoona, PA Metro Area",310M200US11020,42164,3453,56985,2837
"Amarillo, TX Metro Area",310M200US11100,49207,3098,68852,5036
"Ames, IA Metro Area",310M200US11180,50279,4756,63311,4049
"Anchorage, AK Metro Area",310M200US11260,76831,2453,96026,3143
"Ann Arbor, MI Metro Area",310M200US11460,59660,2846,83022,2499
"Anniston-Oxford-Jacksonville, AL Metro Area",310M200US11500,36205,3402,48969,3490
"Appleton, WI Metro Area",310M200US11540,58410,2064,70408,2763
"Arecibo, PR Metro Area",310M200US11640,17833,1278,25795,1798
"Asheville, NC Metro Area",310M200US11700,43916,1818,58571,2082
"Ashtabula, OH Micro Area",310M200US11780,40839,2047,48251,1967
"Athens, TX Micro Area",310M200US11980,38493,5099,57250,8405
"Athens-Clarke County, GA Metro Area",310M200US12020,38227,1916,56594,3399
"Auburn, NY Micro Area",310M200US12180,50154,3887,63694,3805
"Atlanta-Sandy Springs-Roswell, GA Metro Area",310M200US12060,55733,675,77327,956
"Atlantic City-Hammonton, NJ Metro Area",310M200US12100,52127,2250,69941,2956
"Auburn-Opelika, AL Metro Area",310M200US12220,46068,4329,64697,5518
"Augusta-Richmond County, GA-SC Metro Area",310M200US12260,44187,2383,62461,2795
"Augusta-Waterville, ME Micro Area",310M200US12300,44724,3473,54773,2686
"Austin-Round Rock, TX Metro Area",310M200US12420,61750,1225,83593,1637
"Bakersfield, CA Metro Area",310M200US12540,46879,2311,63385,1925
"Baltimore-Columbia-Towson, MD Metro Area",310M200US12580,68455,1082,90854,1135
"Bangor, ME Metro Area",310M200US12620,43598,2656,59874,4838
"Barnstable Town, MA Metro Area",310M200US12700,61026,2089,80103,3977
"Baton Rouge, LA Metro Area",310M200US12940,51134,1057,71432,2436
"Battle Creek, MI Metro Area",310M200US12980,44520,3406,58496,4020
"Blacksburg-Christiansburg-Radford, VA Metro Area",310M200US13980,42242,2434,58595,3669
"Bay City, MI Metro Area",310M200US13020,41281,4157,54804,4543
"Beaumont-Port Arthur, TX Metro Area",310M200US13140,45019,2120,63015,3654
"Beaver Dam, WI Micro Area",310M200US13180,51151,1838,58702,2692
"Beckley, WV Metro Area",310M200US13220,36781,3752,49915,3072
"Bellingham, WA Metro Area",310M200US13380,50186,4300,64236,3146
"Bend-Redmond, OR Metro Area",310M200US13460,46791,5216,65182,5693
"Billings, MT Metro Area",310M200US13740,52583,3403,71220,4309
"Binghamton, NY Metro Area",310M200US13780,46836,2298,63774,3029
"Birmingham-Hoover, AL Metro Area",310M200US13820,48328,1398,67640,1560
"Bismarck, ND Metro Area",310M200US13900,64626,4316,78128,3962
"Bloomington, IL Metro Area",310M200US14010,61401,2173,77606,3243
"Bloomington, IN Metro Area",310M200US14020,42085,2437,61347,4040
"Bloomsburg-Berwick, PA Metro Area",310M200US14100,48007,2405,64246,4011
"Bluefield, WV-VA Micro Area",310M200US14140,36047,3061,55200,6578
"Boise City, ID Metro Area",310M200US14260,49583,1650,65462,2235
"Boston-Cambridge-Newton, MA-NH Metro Area",310M200US14460,72907,989,100687,1185
"Boulder, CO Metro Area",310M200US14500,71604,2063,94913,3514
"Bowling Green, KY Metro Area",310M200US14540,46586,3549,59425,2978
"Bozeman, MT Micro Area",310M200US14580,58809,4130,74071,5430
"Brainerd, MN Micro Area",310M200US14660,49897,2575,61815,2944
"Branson, MO Micro Area",310M200US14700,35444,3096,48759,3657
"Bremerton-Silverdale, WA Metro Area",310M200US14740,62672,2671,79656,3147
"Bridgeport-Stamford-Norwalk, CT Metro Area",310M200US14860,82084,2165,136019,4138
"Brunswick, GA Metro Area",310M200US15260,39967,3919,56917,5282
"Buffalo-Cheektowaga-Niagara Falls, NY Metro Area",310M200US15380,50548,1171,65471,1190
"Burlington, NC Metro Area",310M200US15500,42512,2279,55539,2982
"Burlington-South Burlington, VT Metro Area",310M200US15540,62022,4012,82011,5620
"California-Lexington Park, MD Metro Area",310M200US15680,78233,6783,91175,5912
"Canton-Massillon, OH Metro Area",310M200US15940,45168,1696,61862,2372
"Cape Coral-Fort Myers, FL Metro Area",310M200US15980,46383,1342,66957,2419
"Cape Girardeau, MO-IL Metro Area",310M200US16020,41491,2501,53960,3571
"Carbondale-Marion, IL Metro Area",310M200US16060,38903,3605,54254,3211
"Carson City, NV Metro Area",310M200US16180,46616,4252,63183,6913
"Casper, WY Metro Area",310M200US16220,58635,6185,74571,5459
"Cedar Rapids, IA Metro Area",310M200US16300,56397,1702,70978,2472
"Centralia, WA Micro Area",310M200US16500,40601,2373,51715,4177
"Chambersburg-Waynesboro, PA Metro Area",310M200US16540,54303,2616,67211,3455
"Champaign-Urbana, IL Metro Area",310M200US16580,47258,2478,64570,2858
"Charleston, WV Metro Area",310M200US16620,45251,2223,61816,3353
"Charleston-Mattoon, IL Micro Area",310M200US16660,37756,3939,55713,6795
"Charleston-North Charleston, SC Metro Area",310M200US16700,51771,1562,71044,2184
"Charlotte-Concord-Gastonia, NC-SC Metro Area",310M200US16740,51251,724,72972,1254
"Charlottesville, VA Metro Area",310M200US16820,58375,3457,79178,3355
"Chattanooga, TN-GA Metro Area",310M200US16860,47702,2497,63458,2059
"Cheyenne, WY Metro Area",310M200US16940,61661,3836,72830,4089
"Chicago-Naperville-Elgin, IL-IN-WI Metro Area",310M200US16980,60564,467,83898,786
"Brownsville-Harlingen, TX Metro Area",310M200US15180,34374,1851,50443,3121
"Chico, CA Metro Area",310M200US17020,42752,2438,59522,2926
"Chillicothe, OH Micro Area",310M200US17060,40493,4430,52792,3869
"Cincinnati, OH-KY-IN Metro Area",310M200US17140,53378,1248,73584,1456
"Claremont-Lebanon, NH-VT Micro Area",310M200US17200,54432,2989,71915,3026
"Clarksburg, WV Micro Area",310M200US17220,41153,2776,57167,4720
"Clarksville, TN-KY Metro Area",310M200US17300,48938,2832,62454,4511
"Clearlake, CA Micro Area",310M200US17340,37079,12116,50805,5039
"Cleveland, TN Metro Area",310M200US17420,42107,2583,55583,3818
"Cleveland-Elyria, OH Metro Area",310M200US17460,49358,1107,68423,1118
"Coeur d'Alene, ID Metro Area",310M200US17660,54919,4995,66107,4302
"College Station-Bryan, TX Metro Area",310M200US17780,39657,2952,59322,3241
"Colorado Springs, CO Metro Area",310M200US17820,57484,2520,76055,2072
"Columbia, MO Metro Area",310M200US17860,48953,3513,66572,4926
"Columbia, SC Metro Area",310M200US17900,48672,1729,63201,1812
"Columbus, GA-AL Metro Area",310M200US17980,40388,1829,55878,2984
"Columbus, IN Metro Area",310M200US18020,52505,7233,68995,4262
"Columbus, OH Metro Area",310M200US18140,54079,1130,73084,1117
"Concord, NH Micro Area",310M200US18180,65662,4441,78120,3701
"Cookeville, TN Micro Area",310M200US18260,32438,3089,58205,17718
"Coos Bay, OR Micro Area",310M200US18300,37522,3555,53402,6938
"Corning, NY Micro Area",310M200US18500,47046,3175,62376,4779
"Corpus Christi, TX Metro Area",310M200US18580,48688,2435,64041,2351
"Corvallis, OR Metro Area",310M200US18700,47808,4436,64811,4576
"Crestview-Fort Walton Beach-Destin, FL Metro Area",310M200US18880,53000,2287,68460,3422
"Cullman, AL Micro Area",310M200US18980,39936,3154,53101,3590
"Des Moines-West Des Moines, IA Metro Area",310M200US19780,61194,1520,80656,2405
"Detroit-Warren-Dearborn, MI Metro Area",310M200US19820,51857,582,70882,857
"Cumberland, MD-WV Metro Area",310M200US19060,35211,3468,47952,2341
"Dallas-Fort Worth-Arlington, TX Metro Area",310M200US19100,57398,644,81531,847
"Dalton, GA Metro Area",310M200US19140,37659,3363,49143,3199
"Danville, IL Metro Area",310M200US19180,45089,2847,55410,2451
"Danville, VA Micro Area",310M200US19260,35266,3417,46765,2928
"Daphne-Fairhope-Foley, AL Metro Area",310M200US19300,44874,4150,65071,4760
"Davenport-Moline-Rock Island, IA-IL Metro Area",310M200US19340,51288,2018,67877,2285
"Dayton, OH Metro Area",310M200US19380,47063,1384,62821,1700
"Decatur, AL Metro Area",310M200US19460,42598,3211,56042,3800
"Decatur, IL Metro Area",310M200US19500,45957,2504,62101,4250
"Deltona-Daytona Beach-Ormond Beach, FL Metro Area",310M200US19660,41554,1037,56507,2198
"Denver-Aurora-Lakewood, CO Metro Area",310M200US19740,62760,1037,84810,1150
"Dothan, AL Metro Area",310M200US20020,40186,2375,54981,2455
"Dover, DE Metro Area",310M200US20100,54794,2991,66594,3529
"DuBois, PA Micro Area",310M200US20180,39236,3627,50500,3022
"Dubuque, IA Metro Area",310M200US20220,51735,2928,66198,3785
"Duluth, MN-WI Metro Area",310M200US20260,46385,1486,59302,1599
"Dunn, NC Micro Area",310M200US20380,45533,2927,59440,3616
"Durham-Chapel Hill, NC Metro Area",310M200US20500,53492,1612,79146,2743
"East Stroudsburg, PA Metro Area",310M200US20700,55536,3153,69895,4056
"Eau Claire, WI Metro Area",310M200US20740,49046,2221,61697,2228
"El Centro, CA Metro Area",310M200US20940,43310,4644,57230,3683
"Elmira, NY Metro Area",310M200US21300,45237,3751,63093,5033
"El Paso, TX Metro Area",310M200US21340,39873,1479,54728,1694
"Erie, PA Metro Area",310M200US21500,44292,2013,59282,2959
"Eugene, OR Metro Area",310M200US21660,43459,2925,60051,2957
"Eureka-Arcata-Fortuna, CA Micro Area",310M200US21700,42092,4572,53623,3151
"Evansville, IN-KY Metro Area",310M200US21780,45332,2336,60899,2871
"Fairbanks, AK Metro Area",310M200US21820,69113,4914,82347,7269
"Elizabeth City, NC Micro Area",310M200US21020,44473,4425,61629,5580
"Elizabethtown-Fort Knox, KY Metro Area",310M200US21060,46680,3514,58528,3765
"Elkhart-Goshen, IN Metro Area",310M200US21140,45387,2212,55697,2297
"Fargo, ND-MN Metro Area",310M200US22020,51961,2756,69174,3419
"Faribault-Northfield, MN Micro Area",310M200US22060,58584,4493,73686,4719
"Farmington, MO Micro Area",310M200US22100,37349,2989,43489,3248
"Farmington, NM Metro Area",310M200US22140,43787,3950,59018,4133
"Fayetteville, NC Metro Area",310M200US22180,42968,2244,55317,1734
"Fayetteville-Springdale-Rogers, AR-MO Metro Area",310M200US22220,47905,2136,66435,2437
"Findlay, OH Micro Area",310M200US22300,46382,3401,63644,4605
"Flagstaff, AZ Metro Area",310M200US22380,50637,4486,68635,8836
"Flint, MI Metro Area",310M200US22420,41249,1596,55459,1943
"Florence, SC Metro Area",310M200US22500,38577,2957,53523,3792
"Florence-Muscle Shoals, AL Metro Area",310M200US22520,42898,1700,53672,3005
"Fond du Lac, WI Metro Area",310M200US22540,54198,3942,65161,3045
"Forest City, NC Micro Area",310M200US22580,34993,2756,45852,4396
"Fort Collins, CO Metro Area",310M200US22660,59052,2807,78307,3659
"Fort Smith, AR-OK Metro Area",310M200US22900,37633,1858,52882,2769
"Fort Wayne, IN Metro Area",310M200US23060,46005,1855,61453,2517
"Frankfort, KY Micro Area",310M200US23180,44534,6051,57050,3167
"Fresno, CA Metro Area",310M200US23420,43925,1374,61208,1526
"Gadsden, AL Metro Area",310M200US23460,39459,4190,50005,2725
"Gainesville, FL Metro Area",310M200US23540,38658,2641,57097,3298
"Gainesville, GA Metro Area",310M200US23580,44998,3722,63948,3990
"Gallup, NM Micro Area",310M200US23700,24945,3047,35586,3134
"Gettysburg, PA Metro Area",310M200US23900,59029,3276,73000,3684
"Goldsboro, NC Metro Area",310M200US24140,42193,3646,54320,2925
"Glenwood Springs, CO Micro Area",310M200US24060,56652,6023,88748,18652
"Grand Forks, ND-MN Metro Area",310M200US24220,50891,2781,66469,3894
"Grand Island, NE Metro Area",310M200US24260,50567,1763,61009,3276
"Grand Junction, CO Metro Area",310M200US24300,46723,4977,64523,5125
"Grand Rapids-Wyoming, MI Metro Area",310M200US24340,52485,1020,68510,1699
"Grants Pass, OR Metro Area",310M200US24420,38298,3368,58375,8913
"Great Falls, MT Metro Area",310M200US24500,43947,3493,60627,4067
"Greeley, CO Metro Area",310M200US24540,58611,2251,72246,3510
"Green Bay, WI Metro Area",310M200US24580,51148,1913,68087,3318
"Greeneville, TN Micro Area",310M200US24620,35981,1834,45361,2699
"Greenfield Town, MA Micro Area",310M200US24640,52339,3176,68273,4377
"Greensboro-High Point, NC Metro Area",310M200US24660,43791,1947,61828,2291
"Greenville, NC Metro Area",310M200US24780,40639,2086,59751,3857
"Greenville-Anderson-Mauldin, SC Metro Area",310M200US24860,44853,1775,60265,1422
"Greenwood, SC Micro Area",310M200US24940,34006,3582,48833,3579
"Glens Falls, NY Metro Area",310M200US24020,53562,3551,68128,3904
"Hilo, HI Micro Area",310M200US25900,48399,5565,62583,3866
"Hilton Head Island-Bluffton-Beaufort, SC Metro Area",310M200US25940,52269,3622,74154,4683
"Hinesville, GA Metro Area",310M200US25980,40559,1863,51984,6540
"Guayama, PR Metro Area",310M200US25020,12365,1224,18249,1859
"Gulfport-Biloxi-Pascagoula, MS Metro Area",310M200US25060,44951,2597,53942,1736
"Hagerstown-Martinsburg, MD-WV Metro Area",310M200US25180,56424,2530,68024,2659
"Hammond, LA Metro Area",310M200US25220,44166,6891,56206,4658
"Hanford-Corcoran, CA Metro Area",310M200US25260,45774,3036,60976,3946
"Harrisburg-Carlisle, PA Metro Area",310M200US25420,56484,1449,73459,2014
"Harrisonburg, VA Metro Area",310M200US25500,46710,2212,63123,6128
"Hartford-West Hartford-East Hartford, CT Metro Area",310M200US25540,66356,1554,89700,1951
"Hattiesburg, MS Metro Area",310M200US25620,40364,4136,55320,3759
"Helena, MT Micro Area",310M200US25740,55527,4746,68840,4233
"Hermiston-Pendleton, OR Micro Area",310M200US25840,49690,3270,56231,3051
"Hickory-Lenoir-Morganton, NC Metro Area",310M200US25860,38039,2493,52770,2634
"Hobbs, NM Micro Area",310M200US26020,56191,4628,73423,5969
"Holland, MI Micro Area",310M200US26090,56077,3157,66937,3992
"Homosassa Springs, FL Metro Area",310M200US26140,40015,3181,50370,2889
"Hot Springs, AR Metro Area",310M200US26300,39589,3856,53570,3569
"Houma-Thibodaux, LA Metro Area",310M200US26380,54070,5317,66607,3152
"Houston-The Woodlands-Sugar Land, TX Metro Area",310M200US26420,57366,726,82660,1023
"Huntington-Ashland, WV-KY-OH Metro Area",310M200US26580,43543,1584,61246,4152
"Huntsville, AL Metro Area",310M200US26620,55857,1967,75740,2789
"Huntsville, TX Micro Area",310M200US26660,35456,6213,52027,6322
"Hutchinson, KS Micro Area",310M200US26740,44077,2126,57006,4071
"Idaho Falls, ID Metro Area",310M200US26820,50439,2267,61391,3700
"Indiana, PA Micro Area",310M200US26860,45266,2585,58112,3566
"Indianapolis-Carmel-Anderson, IN Metro Area",310M200US26900,51087,737,70631,1645
"Iowa City, IA Metro Area",310M200US26980,52220,2715,72991,4333
