Name,Geo_id,"Estimate, Households, Median income (dollars)","Margin of Error, Households, Median income (dollars)","Estimate, Households, Mean income (dollars)","Margin of Error, Households, Mean income (dollars)"
"Escambia County, Florida",0500000US12033,42877,2312,57287,3093
"Hernando County, Florida",0500000US12053,39193,2676,50032,2627
"Hillsborough County, Florida",0500000US12057,49597,1319,69711,1711
"Okaloosa County, Florida",0500000US12091,55139,3186,71037,3969
"Dougherty County, Georgia",0500000US13095,30504,2668,45778,4290
"Henry County, Georgia",0500000US13151,59097,3426,72369,5033
"Houston County, Georgia",0500000US13153,49660,4978,62452,4367
"Walker County, Georgia",0500000US13295,42018,3830,50654,3600
"Gwinnett County, Georgia",0500000US13135,58917,1850,74514,1975
"Bartow County, Georgia",0500000US13015,45191,4164,59236,5422
"Douglas County, Georgia",0500000US13097,50281,5225,63041,4223
"Troup County, Georgia",0500000US13285,43642,4759,67486,10788
"Liberty County, Georgia",0500000US13179,39140,3247,52922,7741
"Rockdale County, Georgia",0500000US13247,49767,3871,61054,4518
"Porter County, Indiana",0500000US18127,63806,3351,79763,6147
"Tippecanoe County, Indiana",0500000US18157,47731,3158,61492,6080
"Hamilton County, Indiana",0500000US18057,81958,3399,107212,5550
"Clark County, Indiana",0500000US18019,50760,2586,60363,3705
"Allen County, Indiana",0500000US18003,45006,2091,61259,2857
"Floyd County, Indiana",0500000US18043,57401,4405,72369,4949
"Johnson County, Indiana",0500000US18081,57245,3884,72957,4192
"Elkhart County, Indiana",0500000US18039,45387,2212,55697,2297
"Bibb County, Georgia",0500000US13021,36327,3148,53346,4366
"Wayne County, Indiana",0500000US18177,34745,3593,47227,3338
"Polk County, Iowa",0500000US19153,59328,2165,78810,3116
"Bulloch County, Georgia",0500000US13031,36153,2799,50557,6588
"Clarke County, Georgia",0500000US13059,31551,2671,47417,3351
"Glynn County, Georgia",0500000US13127,41502,6023,60189,6342
"DeKalb County, Georgia",0500000US13089,49796,2166,72797,2210
"Muscogee County, Georgia",0500000US13215,40499,1870,57273,4016
"Catoosa County, Georgia",0500000US13047,51608,2983,57983,4792
"Columbia County, Georgia",0500000US13073,72167,5368,91369,7445
"Floyd County, Georgia",0500000US13115,37296,4441,49345,3377
"Forsyth County, Georgia",0500000US13117,86052,4032,108283,5043
"Lowndes County, Georgia",0500000US13185,35317,3864,47054,3122
"Carroll County, Georgia",0500000US13045,45682,2693,60360,8623
"Coweta County, Georgia",0500000US13077,61351,6140,76782,5827
"Cobb County, Georgia",0500000US13067,63086,2094,85789,2277
"Newton County, Georgia",0500000US13217,54107,7021,66440,5477
"Clayton County, Georgia",0500000US13063,40754,2159,49118,2013
"Hall County, Georgia",0500000US13139,44998,3722,63948,3990
"Honolulu County, Hawaii",0500000US15003,73388,1774,92931,2279
"Maui County, Hawaii",0500000US15009,65558,4563,83921,5816
"Woodbury County, Iowa",0500000US19193,45594,2088,58739,4833
"Scott County, Iowa",0500000US19163,53884,3759,71542,3590
"Butler County, Kansas",0500000US20015,55647,2781,69979,6448
"Fayette County, Georgia",0500000US13113,81394,6588,95483,4952
"Riley County, Kansas",0500000US20161,43778,5674,66427,9904
"Campbell County, Kentucky",0500000US21037,53323,2571,69749,4346
"DeKalb County, Illinois",0500000US17037,52867,5077,62410,3200
"Will County, Illinois",0500000US17197,74397,2067,89485,1959
"Kane County, Illinois",0500000US17089,72108,2875,92590,4070
"San Diego County, California",0500000US06073,61426,812,85967,1501
"Tulare County, California",0500000US06107,39422,2284,54293,2291
"Yolo County, California",0500000US06113,54898,5475,74221,3455
"Humboldt County, California",0500000US06023,42092,4572,53623,3151
"Nevada County, California",0500000US06057,54851,5124,73621,5659
"Madera County, California",0500000US06039,39758,3435,56655,4219
"Mendocino County, California",0500000US06045,42042,4562,62971,10969
"Santa Cruz County, California",0500000US06087,68438,5190,87206,3832
"Los Angeles County, California",0500000US06037,54529,645,80682,774
"Riverside County, California",0500000US06065,54095,1252,72258,1141
"San Bernardino County, California",0500000US06071,52323,1172,68014,974
"Santa Clara County, California",0500000US06085,92014,1523,124515,2064
"Marin County, California",0500000US06041,96580,5921,149066,11061
"Placer County, California",0500000US06061,73328,2659,94424,4052
"Shasta County, California",0500000US06089,40332,3172,54920,2694
"Solano County, California",0500000US06095,63520,3371,80551,2715
"Butte County, California",0500000US06007,42752,2438,59522,2926
"San Luis Obispo County, California",0500000US06079,58158,2686,76395,3222
"Kern County, California",0500000US06029,46879,2311,63385,1925
"Ventura County, California",0500000US06111,77363,2133,101302,2527
"San Mateo County, California",0500000US06081,91322,1774,130393,3564
"Denver County, Colorado",0500000US08031,51089,1181,76688,2693
"Jefferson County, Colorado",0500000US08059,68201,2063,88761,2382
"Weld County, Colorado",0500000US08123,58611,2251,72246,3510
"Boulder County, Colorado",0500000US08013,71604,2063,94913,3514
"Tazewell County, Illinois",0500000US17179,56656,4463,72279,3617
"Douglas County, Colorado",0500000US08035,102961,3740,125412,4329
"Pueblo County, Colorado",0500000US08101,41218,2572,52754,2245
"Mesa County, Colorado",0500000US08077,46723,4977,64523,5125
"El Paso County, Colorado",0500000US08041,57098,2486,75943,2018
"Arapahoe County, Colorado",0500000US08005,60956,1387,81016,2245
"New Castle County, Delaware",0500000US10003,63109,2250,85668,2547
"Sussex County, Delaware",0500000US10005,50629,2156,63099,2542
"Kent County, Delaware",0500000US10001,54794,2991,66594,3529
"District of Columbia, District of Columbia",0500000US11001,67572,3383,102882,3025
"New Haven County, Connecticut",0500000US09009,58571,2218,81252,2046
"Litchfield County, Connecticut",0500000US09005,70981,3524,90110,4841
"Hartford County, Connecticut",0500000US09003,63603,2317,87838,2141
"New London County, Connecticut",0500000US09011,62883,3149,82557,3180
"Tolland County, Connecticut",0500000US09013,72954,3780,91973,5274
"Fairfield County, Connecticut",0500000US09001,82084,2165,136019,4138
"Duval County, Florida",0500000US12031,47906,1603,66130,2038
"Clay County, Florida",0500000US12019,57757,4052,75090,6754
"Nassau County, Florida",0500000US12089,54330,6004,69523,5084
"Pinellas County, Florida",0500000US12103,43703,1091,62496,1587
"St. Lucie County, Florida",0500000US12111,42504,3692,60235,5041
"Indian River County, Florida",0500000US12061,42401,3147,66564,4984
"Palm Beach County, Florida",0500000US12099,51804,936,80662,2004
"St. Johns County, Florida",0500000US12109,64862,4782,93340,6214
"Miami-Dade County, Florida",0500000US12086,41913,648,64339,1231
"Flagler County, Florida",0500000US12035,46055,4153,59269,4875
"Marion County, Florida",0500000US12083,38695,1652,51039,2220
"Lee County, Florida",0500000US12071,46383,1342,66957,2419
"Collier County, Florida",0500000US12021,54406,4231,89719,6420
"Pasco County, Florida",0500000US12101,45678,1500,58940,1700
"Highlands County, Florida",0500000US12055,33811,1919,48403,4838
"Columbia County, Florida",0500000US12023,45220,4578,56629,4479
"Putnam County, Florida",0500000US12107,32295,3510,45044,5410
"Manatee County, Florida",0500000US12081,48309,2368,68866,3924
"Volusia County, Florida",0500000US12127,40919,1081,56017,2423
"Leon County, Florida",0500000US12073,46859,2283,64761,2599
"Sumter County, Florida",0500000US12119,52891,3106,65569,6699
"St. Louis County, Missouri",0500000US29189,59290,1227,84210,1980
"Boone County, Missouri",0500000US29019,48953,3513,66572,4926
"Cole County, Missouri",0500000US29051,50780,4791,63167,3930
"Franklin County, Missouri",0500000US29071,50502,7412,62064,4787
"Jackson County, Missouri",0500000US29095,46768,1727,62141,1419
"Buchanan County, Missouri",0500000US29021,43895,3438,53623,3005
"Cass County, Missouri",0500000US29037,64144,4418,78062,4991
"St. Charles County, Missouri",0500000US29183,70137,2223,84153,2490
"Cape Girardeau County, Missouri",0500000US29031,42760,3697,55407,4096
"Platte County, Missouri",0500000US29165,63438,7643,80435,6722
"St. Francois County, Missouri",0500000US29187,37349,2989,43489,3248
"St. Louis city, Missouri",0500000US29510,34488,1683,49527,2170
"Christian County, Missouri",0500000US29043,51342,4185,69047,6197
"Jasper County, Missouri",0500000US29097,40967,2255,53828,3877
"Lewis and Clark County, Montana",0500000US30049,54954,4774,67018,4265
"Chaves County, New Mexico",0500000US35005,45753,4308,60102,5993
"Lea County, New Mexico",0500000US35025,56191,4628,73423,5969
"Santa Fe County, New Mexico",0500000US35049,51833,2619,71652,3495
"Doña Ana County, New Mexico",0500000US35013,36343,3290,52617,3347
"Valencia County, New Mexico",0500000US35061,40075,5953,50197,3877
"Bernalillo County, New Mexico",0500000US35001,48257,2330,65025,2008
"Otero County, New Mexico",0500000US35035,44102,3496,50974,3673
"Onondaga County, New York",0500000US36067,52110,1506,70944,2333
"Bronx County, New York",0500000US36005,33009,1597,48800,1278
"Clinton County, New York",0500000US36019,43892,5665,61200,5675
"Putnam County, New York",0500000US36079,93746,6264,116185,8595
"Ontario County, New York",0500000US36069,58165,2289,75316,5180
"Steuben County, New York",0500000US36101,47046,3175,62376,4779
"Chautauqua County, New York",0500000US36013,40413,2140,52366,2915
"Kings County, New York",0500000US36047,47520,1145,71501,1423
"Saratoga County, New York",0500000US36091,70673,4132,86669,3552
"Westchester County, New York",0500000US36119,84220,3499,130639,3861
"Richmond County, New York",0500000US36085,69633,3474,90193,3625
"St. Lawrence County, New York",0500000US36089,45157,4959,57237,4893
"Tompkins County, New York",0500000US36109,48516,5182,71076,6593
"Warren County, New York",0500000US36113,55593,5213,72718,5925
"Dutchess County, New York",0500000US36027,70056,4183,89242,3370
"Monroe County, New York",0500000US36055,51665,1167,69700,1683
"Oneida County, New York",0500000US36065,43702,2971,56470,2184
"Ulster County, New York",0500000US36111,58429,3682,75070,3424
"Chemung County, New York",0500000US36015,45237,3751,63093,5033
"Livingston County, New York",0500000US36051,52061,4206,64018,3765
"Albany County, New York",0500000US36001,55778,2267,77695,3135
"Cattaraugus County, New York",0500000US36009,40362,2751,53813,3177
"Madison County, New York",0500000US36053,52300,5299,66782,4971
"Schenectady County, New York",0500000US36093,54293,3343,68020,3120
"Caldwell County, North Carolina",0500000US37027,32386,2726,49965,7544
"Catawba County, North Carolina",0500000US37035,42859,3715,57993,4257
"Cleveland County, North Carolina",0500000US37045,40581,2344,52771,4652
"Craven County, North Carolina",0500000US37049,44963,2920,58206,3948
"Harnett County, North Carolina",0500000US37085,45533,2927,59440,3616
"Henderson County, North Carolina",0500000US37089,44036,2561,56037,3724
"Iredell County, North Carolina",0500000US37097,49488,2841,71766,4712
"Mecklenburg County, North Carolina",0500000US37119,54278,1664,80917,2154
"Rowan County, North Carolina",0500000US37159,41154,2567,51618,2619
"Union County, North Carolina",0500000US37179,63355,2985,86700,7256
"Wilkes County, North Carolina",0500000US37193,31135,4121,44783,5111
"Nash County, North Carolina",0500000US37127,40057,4506,56097,5116
"Wilson County, North Carolina",0500000US37195,41095,2178,54035,3841
"Randolph County, North Carolina",0500000US37151,40109,2599,51133,2468
"Cumberland County, North Carolina",0500000US37051,43609,2349,56103,1858
"Guilford County, North Carolina",0500000US37081,45726,1892,66836,3187
"Robeson County, North Carolina",0500000US37155,29542,1851,39587,2260
"Wake County, North Carolina",0500000US37183,65160,1779,88354,2090
"Brunswick County, North Carolina",0500000US37019,47334,3780,60424,3233
"Lincoln County, North Carolina",0500000US37109,49079,4731,66661,5834
"Orange County, North Carolina",0500000US37135,59409,3364,92061,6209
"Surry County, North Carolina",0500000US37171,35579,1882,46864,2738
"Buncombe County, North Carolina",0500000US37021,46431,2756,63021,3142
"Cabarrus County, North Carolina",0500000US37025,54307,3801,69874,3068
"Pitt County, North Carolina",0500000US37147,40639,2086,59751,3857
"Davidson County, North Carolina",0500000US37057,38803,2459,54319,3524
"Durham County, North Carolina",0500000US37063,52488,2605,77613,4338
"New Hanover County, North Carolina",0500000US37129,48688,3002,68111,4002
"Payne County, Oklahoma",0500000US40119,36087,4324,54054,3826
"Pottawatomie County, Oklahoma",0500000US40125,45012,2721,55012,3602
"Creek County, Oklahoma",0500000US40037,44469,3948,58449,3260
"Oklahoma County, Oklahoma",0500000US40109,45810,1555,65946,1872
"Rogers County, Oklahoma",0500000US40131,54425,3465,72967,5837
"Cleveland County, Oklahoma",0500000US40027,54340,2732,69544,3456
"Wayne County, North Carolina",0500000US37191,42193,3646,54320,2925
"Marion County, Oregon",0500000US41047,46873,2651,58105,2083
"Douglas County, Oregon",0500000US41019,40605,2587,53808,4961
"Polk County, Oregon",0500000US41053,49781,5422,61865,5028
"Deschutes County, Oregon",0500000US41017,46791,5216,65182,5693
"Linn County, Oregon",0500000US41043,45130,3551,53222,2799
"Yamhill County, Oregon",0500000US41071,58612,2940,71879,9001
"Klamath County, Oregon",0500000US41035,36885,3491,52082,3844
"Benton County, Oregon",0500000US41003,47808,4436,64811,4576
"Alamance County, North Carolina",0500000US37001,42512,2279,55539,2982
"Grand Forks County, North Dakota",0500000US38035,49248,3616,66520,5036
"Burleigh County, North Dakota",0500000US38015,64388,5833,79720,4544
"Hamilton County, Ohio",0500000US39061,46967,1177,70587,2061
"Franklin County, Ohio",0500000US39049,51460,1054,70152,1497
"Marion County, Ohio",0500000US39101,41849,3405,57968,6446
"Tuscarawas County, Ohio",0500000US39157,44130,2494,56826,4454
"Wayne County, Ohio",0500000US39169,49849,2653,60314,2625
"Butler County, Ohio",0500000US39017,55958,2983,72736,2409
"Licking County, Ohio",0500000US39089,54875,2663,70032,3280
"Richland County, Ohio",0500000US39139,39455,2274,51740,4050
"Hancock County, Ohio",0500000US39063,46382,3401,63644,4605
"Jefferson County, Ohio",0500000US39081,37012,3174,48747,3228
"Portage County, Ohio",0500000US39133,52337,3182,65533,4272
"Belmont County, Ohio",0500000US39013,38224,4060,53634,4242
"Muskingum County, Ohio",0500000US39119,39212,4380,51099,3740
"Medina County, Ohio",0500000US39103,66477,2724,81351,3486
"Lucas County, Ohio",0500000US39095,40245,1705,55950,2030
"Stark County, Ohio",0500000US39151,44979,1805,62053,2488
"Delaware County, Ohio",0500000US39041,84159,6238,109699,4629
"Geauga County, Ohio",0500000US39055,66428,6328,87288,5940
"Lake County, Ohio",0500000US39085,54906,3500,70865,3056
"Ross County, Ohio",0500000US39141,40493,4430,52792,3869
"Cuyahoga County, Ohio",0500000US39035,43501,1147,65544,1483
"Miami County, Ohio",0500000US39109,51581,3576,62404,3083
"Clermont County, Ohio",0500000US39025,61702,1894,76321,3209
"Fairfield County, Ohio",0500000US39045,56286,3105,68826,2995
"Trumbull County, Ohio",0500000US39155,41798,1546,54145,2551
"Wood County, Ohio",0500000US39173,51680,2954,68080,4724
"Tulsa County, Oklahoma",0500000US40143,47949,1182,67642,1562
"Yellowstone County, Montana",0500000US30111,52610,3392,71723,4623
"Missoula County, Montana",0500000US30063,48077,4956,61207,5414
"Cascade County, Montana",0500000US30013,43947,3493,60627,4067
"Gallatin County, Montana",0500000US30031,58809,4130,74071,5430
"Flathead County, Montana",0500000US30029,47802,3918,60365,4172
"Lancaster County, Nebraska",0500000US31109,52019,1899,68052,2661
"Douglas County, Nebraska",0500000US31055,51728,1477,72002,2057
"Cheshire County, New Hampshire",0500000US33005,51945,3307,64847,4496
"Grafton County, New Hampshire",0500000US33009,56370,5530,73726,5821
"Rockingham County, New Hampshire",0500000US33015,74782,4142,96790,4913
"Hillsborough County, New Hampshire",0500000US33011,67574,3400,85775,3382
"Mercer County, New Jersey",0500000US34021,70857,2063,99334,3988
"Cumberland County, New Jersey",0500000US34011,45978,2820,59490,3681
"Somerset County, New Jersey",0500000US34035,97219,4417,135037,5474
"Ocean County, New Jersey",0500000US34029,60227,2316,78303,2548
"Atlantic County, New Jersey",0500000US34001,52127,2250,69941,2956
"Middlesex County, New Jersey",0500000US34023,76848,2276,94334,2198
"Salem County, New Jersey",0500000US34033,61943,6739,73867,4770
"Cape May County, New Jersey",0500000US34009,60560,4810,76676,3952
"Camden County, New Jersey",0500000US34007,58006,3347,77296,2772
"Union County, New Jersey",0500000US34039,64593,2913,97757,3605
"Hudson County, New Jersey",0500000US34017,56079,1860,82118,2627
"Hunterdon County, New Jersey",0500000US34019,110457,8455,144793,11864
"Morris County, New Jersey",0500000US34027,100176,2380,137202,4687
"McKinley County, New Mexico",0500000US35031,24945,3047,35586,3134
"Sandoval County, New Mexico",0500000US35043,55825,4320,71820,3985
"San Juan County, New Mexico",0500000US35045,43787,3950,59018,4133
"Jones County, Mississippi",0500000US28067,33915,5718,46452,4834
"Clark County, Nevada",0500000US32003,51057,747,67150,1423
"Madison County, Mississippi",0500000US28089,66400,7629,91527,7933
"Rankin County, Mississippi",0500000US28121,55209,4496,70226,4319
"Jackson County, Mississippi",0500000US28059,47891,2054,57042,3018
"Harrison County, Mississippi",0500000US28047,42070,2689,52494,2386
"Lauderdale County, Mississippi",0500000US28075,32217,3872,55271,6609
"Lee County, Mississippi",0500000US28081,42882,5186,54728,4420
"Dauphin County, Pennsylvania",0500000US42043,53816,2220,71208,3302
"Franklin County, Pennsylvania",0500000US42055,54303,2616,67211,3455
"Monroe County, Pennsylvania",0500000US42089,55536,3153,69895,4056
"Washington County, Pennsylvania",0500000US42125,55124,1909,70843,3292
"Philadelphia County, Pennsylvania",0500000US42101,36836,797,54615,1311
"York County, Pennsylvania",0500000US42133,57065,2028,71587,2807
"Indiana County, Pennsylvania",0500000US42063,45266,2585,58112,3566
"Cumberland County, Pennsylvania",0500000US42041,60088,2443,77133,3001
"Allegheny County, Pennsylvania",0500000US42003,51424,735,72362,1385
"Westmoreland County, Pennsylvania",0500000US42129,51531,1498,67909,2505
"Blair County, Pennsylvania",0500000US42013,42164,3453,56985,2837
"Lawrence County, Pennsylvania",0500000US42073,43425,4057,56510,3407
"Cambria County, Pennsylvania",0500000US42021,41423,2522,53223,2782
"Chester County, Pennsylvania",0500000US42029,83633,3372,112453,3014
"Berks County, Pennsylvania",0500000US42011,56043,2243,71525,1965
"Clay County, Missouri",0500000US29047,60541,2255,71540,2871
"Rock County, Wisconsin",0500000US55105,47118,4696,59182,2451
"Wood County, Wisconsin",0500000US55141,47726,3909,62062,6083
"Kenosha County, Wisconsin",0500000US55059,51013,2790,66271,3978
"Laramie County, Wyoming",0500000US56021,61661,3836,72830,4089
"Washington County, Tennessee",0500000US47179,41349,1424,58781,3869
"Maury County, Tennessee",0500000US47119,45712,3797,57350,2983
"Tom Green County, Texas",0500000US48451,45968,2637,62605,5423
"Victoria County, Texas",0500000US48469,52304,3377,68151,4483
"Wichita County, Texas",0500000US48485,43525,3740,56642,3607
"Grayson County, Texas",0500000US48181,44378,2905,60658,4253
"Gregg County, Texas",0500000US48183,45461,5460,63857,5627
"Lubbock County, Texas",0500000US48303,47309,2417,65416,3328
"Kaufman County, Texas",0500000US48257,65258,7703,74038,4114
"Bell County, Texas",0500000US48027,50656,1939,62916,2894
"Cameron County, Texas",0500000US48061,34374,1851,50443,3121
"El Paso County, Texas",0500000US48141,39945,1449,54811,1700
"Hidalgo County, Texas",0500000US48215,35098,1606,49432,1871
"Smith County, Texas",0500000US48423,47745,3549,65102,4213
"Hunt County, Texas",0500000US48231,44303,3833,57610,3779
"Guadalupe County, Texas",0500000US48187,58270,4130,72989,3740
"Nacogdoches County, Texas",0500000US48347,35587,7637,59655,8897
"Parker County, Texas",0500000US48367,60454,3573,77229,5372
"Ector County, Texas",0500000US48135,55710,4602,76085,4909
"Collin County, Texas",0500000US48085,80273,2542,104089,3479
"Angelina County, Texas",0500000US48005,42750,5249,57588,4816
"Hays County, Texas",0500000US48209,58987,3120,74964,4162
"Brazoria County, Texas",0500000US48039,66250,3987,80545,2824
"Harrison County, Texas",0500000US48203,39701,4302,59691,9748
"Williamson County, Texas",0500000US48491,70911,1567,87513,2695
"Orange County, Texas",0500000US48361,52728,4112,68094,6061
"Harris County, Texas",0500000US48201,52489,807,78647,1147
"Dallas County, Texas",0500000US48113,47810,1000,74393,1312
"Johnson County, Texas",0500000US48251,56253,2728,68249,3550
"McLennan County, Texas",0500000US48309,40633,2855,58524,4209
"Montgomery County, Texas",0500000US48339,68428,3641,91881,4288
"Webb County, Texas",0500000US48479,39991,2637,53207,2962
"Jefferson County, Texas",0500000US48245,41838,1914,60231,5192
"Tarrant County, Texas",0500000US48439,56895,1075,78597,1703
"Ellis County, Texas",0500000US48139,57880,5448,73990,3895
"San Patricio County, Texas",0500000US48409,46425,4486,60133,5598
"Randall County, Texas",0500000US48381,60801,3911,76144,4322
"Rockwall County, Texas",0500000US48397,93054,5697,104614,8319
"Taylor County, Texas",0500000US48441,44447,2832,58359,4035
"Walker County, Texas",0500000US48471,38369,8172,54562,7709
"Coryell County, Texas",0500000US48099,51217,2705,61894,4360
"Potter County, Texas",0500000US48375,37823,4215,60052,9685
"Chittenden County, Vermont",0500000US50007,64958,5982,84108,5517
"Washington County, Utah",0500000US49053,51063,3570,66145,4618
"Weber County, Utah",0500000US49057,53809,1974,64933,2103
"Salt Lake County, Utah",0500000US49035,61775,850,80940,1607
"Cache County, Utah",0500000US49005,48587,3267,61373,3659
"James City County, Virginia",0500000US51095,73632,6813,94317,7250
"Rockingham County, Virginia",0500000US51165,56074,2411,71963,9408
"Montgomery County, Virginia",0500000US51121,45679,5612,62014,4789
"Augusta County, Virginia",0500000US51015,55284,3534,87705,15037
"Prince William County, Virginia",0500000US51153,95268,5429,113520,2678
"Hanover County, Virginia",0500000US51085,77424,7041,89537,4577
"Virginia Beach city, Virginia",0500000US51810,62855,2638,83028,2703
"Alexandria city, Virginia",0500000US51510,86775,6064,113562,5110
"Hampton city, Virginia",0500000US51650,43785,3768,56601,2757
"Newport News city, Virginia",0500000US51700,49184,4159,59765,2713
"Stafford County, Virginia",0500000US51179,93454,5021,108050,5036
"Lynchburg city, Virginia",0500000US51680,40477,2798,51892,4484
"Richmond city, Virginia",0500000US51760,39193,2535,60862,3217
"Roanoke city, Virginia",0500000US51770,36651,2688,52151,3695
"Suffolk city, Virginia",0500000US51800,60637,5555,76740,4309
"Chesterfield County, Virginia",0500000US51041,66881,2371,86689,3613
"Thurston County, Washington",0500000US53067,59785,2603,71766,2594
"Clark County, Washington",0500000US53011,57588,2105,73759,1821
"Skagit County, Washington",0500000US53057,52448,2335,68632,4372
"Spokane County, Washington",0500000US53063,47576,1817,61420,1883
"Chelan County, Washington",0500000US53007,51101,2605,63122,6258
"Kitsap County, Washington",0500000US53035,62672,2671,79656,3147
"King County, Washington",0500000US53033,71834,1072,98477,1772
"Yakima County, Washington",0500000US53077,41917,2075,53764,2515
"Clallam County, Washington",0500000US53009,46566,3259,58506,3722
"Cowlitz County, Washington",0500000US53015,48417,3560,60777,4109
"Lewis County, Washington",0500000US53041,40601,2373,51715,4177
"Grays Harbor County, Washington",0500000US53027,41315,4597,51932,4019
"Island County, Washington",0500000US53029,51893,3484,72265,6303
"Grant County, Washington",0500000US53025,46728,4277,53693,3171
"Snohomish County, Washington",0500000US53061,67394,1735,83094,2089
"Monongalia County, West Virginia",0500000US54061,49534,5181,64382,4848
"Cabell County, West Virginia",0500000US54011,39019,5967,58258,6312
"Kanawha County, West Virginia",0500000US54039,46325,1788,64115,3598
"Harrison County, West Virginia",0500000US54033,41698,3049,58964,5966
"Arecibo Municipio, Puerto Rico",0500000US72013,16151,1562,24392,2457
"Bayamón Municipio, Puerto Rico",0500000US72021,23741,1157,35029,3140
"Carolina Municipio, Puerto Rico",0500000US72031,25988,1482,36787,2555
"Mayagüez Municipio, Puerto Rico",0500000US72097,15155,2017,25945,3476
"Trujillo Alto Municipio, Puerto Rico",0500000US72139,30015,2442,43192,5770
"Ponce Municipio, Puerto Rico",0500000US72113,15990,1379,26113,2201
"Toa Alta Municipio, Puerto Rico",0500000US72135,29170,2703,41160,4155
"Toa Baja Municipio, Puerto Rico",0500000US72137,24523,2942,32588,3122
"Caguas Municipio, Puerto Rico",0500000US72025,23583,2156,33861,2267
"Multnomah County, Oregon",0500000US41051,54024,2080,75411,2029
"Crawford County, Pennsylvania",0500000US42039,44575,2616,55395,2945
"Erie County, Pennsylvania",0500000US42049,44292,2013,59282,2959
"Schuylkill County, Pennsylvania",0500000US42107,41114,2749,55130,2667
"Adams County, Pennsylvania",0500000US42001,59029,3276,73000,3684
"Armstrong County, Pennsylvania",0500000US42005,43191,3230,56471,3286
"Carbon County, Pennsylvania",0500000US42025,44017,2715,56953,4024
"Centre County, Pennsylvania",0500000US42027,53207,4446,69025,3715
"Northumberland County, Pennsylvania",0500000US42097,41011,2281,52241,2773
"Northampton County, Pennsylvania",0500000US42095,60482,3298,76040,2897
"Beaver County, Pennsylvania",0500000US42007,49937,2986,64102,3146
"Lackawanna County, Pennsylvania",0500000US42069,45295,2190,59359,3238
"Fayette County, Pennsylvania",0500000US42051,38903,3691,49967,2255
"Montgomery County, Pennsylvania",0500000US42091,76919,2405,107019,2893
"Clearfield County, Pennsylvania",0500000US42033,39236,3627,50500,3022
"Lebanon County, Pennsylvania",0500000US42075,55973,3091,68552,4121
"Lycoming County, Pennsylvania",0500000US42081,47373,3113,60388,3670
"Butler County, Pennsylvania",0500000US42019,58233,2840,78923,3863
"Lancaster County, Pennsylvania",0500000US42071,56922,1819,71281,2102
"Mercer County, Pennsylvania",0500000US42085,44222,2323,56697,2514
"Newport County, Rhode Island",0500000US44005,70299,5692,97516,8567
"Providence County, Rhode Island",0500000US44007,48159,2286,65517,2152
"Aiken County, South Carolina",0500000US45003,42259,3480,58226,4677
"Lexington County, South Carolina",0500000US45063,53990,2203,68661,2605
"Oconee County, South Carolina",0500000US45073,40565,2912,53457,3955
"Berkeley County, South Carolina",0500000US45015,50475,2905,66196,3312
"Charleston County, South Carolina",0500000US45019,51694,2126,75291,3384
"Anderson County, South Carolina",0500000US45007,41135,2067,54758,2602
"Greenwood County, South Carolina",0500000US45047,34029,4272,50409,4347
"Horry County, South Carolina",0500000US45051,42075,1971,55629,2341
"Orangeburg County, South Carolina",0500000US45075,31230,2282,42071,2782
"Spartanburg County, South Carolina",0500000US45083,42103,2466,55651,2185
"Beaufort County, South Carolina",0500000US45013,57122,4787,79172,5132
"Richland County, South Carolina",0500000US45079,47491,2671,62904,2794
"Greenville County, South Carolina",0500000US45045,49330,1799,65575,1942
"Lancaster County, South Carolina",0500000US45057,38500,3452,54613,4606
"Dorchester County, South Carolina",0500000US45035,54582,4895,65293,3532
"Florence County, South Carolina",0500000US45041,41331,3250,56481,5196
"Laurens County, South Carolina",0500000US45059,35406,3778,46712,3955
"Pickens County, South Carolina",0500000US45077,41800,4092,56295,4918
"Minnehaha County, South Dakota",0500000US46099,52117,2359,67457,3697
"Pennington County, South Dakota",0500000US46103,48906,2454,63262,4229
"Robertson County, Tennessee",0500000US47147,50510,3522,59147,3905
"Blount County, Tennessee",0500000US47009,44351,3521,59025,4123
"Madison County, Tennessee",0500000US47113,39523,3024,61724,5964
"Williamson County, Tennessee",0500000US47187,88759,6569,117445,5951
"Greene County, Tennessee",0500000US47059,35981,1834,45361,2699
"Putnam County, Tennessee",0500000US47141,31448,3802,63973,25416
"Sevier County, Tennessee",0500000US47155,40715,3332,52307,3607
"Bradley County, Tennessee",0500000US47011,42722,3788,55996,4141
"Knox County, Tennessee",0500000US47093,49165,1923,69391,2384
"Anderson County, Tennessee",0500000US47001,40907,3019,54219,3562
"Rutherford County, Tennessee",0500000US47149,57174,4074,69687,3150
"Wilson County, Tennessee",0500000US47189,56278,6183,69453,4520
"Berkeley County, West Virginia",0500000US54003,55134,4834,65627,4684
"St. Croix County, Wisconsin",0500000US55109,67502,4903,86995,7209
"Milwaukee County, Wisconsin",0500000US55079,41959,867,58946,1342
"Racine County, Wisconsin",0500000US55101,54209,2985,70215,2764
"Sheboygan County, Wisconsin",0500000US55117,50678,2740,61297,2814
"Outagamie County, Wisconsin",0500000US55087,56433,2427,68913,3200
"La Crosse County, Wisconsin",0500000US55063,51551,3961,64468,3635
"Brown County, Wisconsin",0500000US55009,51160,2183,69349,4015
"Marathon County, Wisconsin",0500000US55073,51635,1300,66143,3239
"Waukesha County, Wisconsin",0500000US55133,75368,1928,94168,2720
"Dodge County, Wisconsin",0500000US55027,51151,1838,58702,2692
"Manitowoc County, Wisconsin",0500000US55071,47181,1759,61447,3368
"Fond du Lac County, Wisconsin",0500000US55039,54198,3942,65161,3045
"Ozaukee County, Wisconsin",0500000US55089,70899,5605,99861,9287
"Eau Claire County, Wisconsin",0500000US55035,49204,3436,62577,3399
"Walworth County, Wisconsin",0500000US55127,52057,2882,69335,3595
"Washington County, Wisconsin",0500000US55131,66391,3051,79171,4011
"Dane County, Wisconsin",0500000US55025,60081,1450,79953,2493
"Portage County, Wisconsin",0500000US55097,49872,4552,60387,3667
"Jefferson County, Wisconsin",0500000US55055,51235,2930,68318,5488
"Natrona County, Wyoming",0500000US56025,58635,6185,74571,5459
"Midland County, Texas",0500000US48329,72050,5359,103375,10659
"Brazos County, Texas",0500000US48041,37913,3111,59566,3760
"Bexar County, Texas",0500000US48029,49769,1120,66380,1281
"Denton County, Texas",0500000US48121,74981,1989,94493,2101
"Galveston County, Texas",0500000US48167,60869,2762,80903,3800
"Bowie County, Texas",0500000US48037,41142,3266,64601,8529
"Travis County, Texas",0500000US48453,60464,1786,85541,2229
"Henderson County, Texas",0500000US48213,38493,5099,57250,8405
"Fort Bend County, Texas",0500000US48157,88023,3770,111768,3916
"Nueces County, Texas",0500000US48355,49338,2835,64345,2757
"Liberty County, Texas",0500000US48291,41711,5473,54027,5800
"Comal County, Texas",0500000US48091,72759,4468,85927,5686
"Bastrop County, Texas",0500000US48021,48652,6460,57454,4742
"Utah County, Utah",0500000US49049,60172,1974,75172,2144
"Davis County, Utah",0500000US49011,70335,2668,82813,3116
"Henrico County, Virginia",0500000US51087,59944,2113,78987,2348
"Spotsylvania County, Virginia",0500000US51177,71901,5083,89015,3460
"Lonoke County, Arkansas",0500000US05085,56635,3443,65025,3858
"White County, Arkansas",0500000US05145,43643,2988,56991,5397
"Merced County, California",0500000US06047,40687,2019,55311,2541
"Yuba County, California",0500000US06115,43801,5685,50975,3601
"Contra Costa County, California",0500000US06013,79100,3132,107426,2900
"Stanislaus County, California",0500000US06099,47962,2536,67565,5341
"Sonoma County, California",0500000US06097,61029,1565,84692,3352
"Sacramento County, California",0500000US06067,52936,1408,71238,1706
"El Dorado County, California",0500000US06017,61365,4625,87168,6052
"Monterey County, California",0500000US06053,57052,3890,78296,3534
"Cherokee County, Georgia",0500000US13057,64705,5024,82184,6362
"Fulton County, Georgia",0500000US13121,55914,1843,91369,2751
"Hawaii County, Hawaii",0500000US15001,48399,5565,62583,3866
"Kauai County, Hawaii",0500000US15007,60155,7082,79118,8237
"Canyon County, Idaho",0500000US16027,41941,2314,50289,2452
"Madison County, Illinois",0500000US17119,54101,3060,70125,4833
"Sangamon County, Illinois",0500000US17167,55317,2517,72802,3569
"McLean County, Illinois",0500000US17113,61846,2810,79469,3737
"Rock Island County, Illinois",0500000US17161,48159,3625,63590,3039
"Loudoun County, Virginia",0500000US51107,116848,3677,135616,3727
"Roanoke County, Virginia",0500000US51161,56400,4394,74129,5845
"Fauquier County, Virginia",0500000US51061,82823,5800,107625,8847
"Chesapeake city, Virginia",0500000US51550,67252,4158,82181,3445
"Albemarle County, Virginia",0500000US51003,70312,3366,93001,5367
"Bedford County, Virginia",0500000US51019,57000,5448,72091,7085
"Portsmouth city, Virginia",0500000US51740,43904,3427,54744,3225
"Arlington County, Virginia",0500000US51013,102501,3666,141295,5983
"Frederick County, Virginia",0500000US51069,69332,3353,81655,6286
"York County, Virginia",0500000US51199,78073,9600,94132,5720
"Norfolk city, Virginia",0500000US51710,44030,2482,58144,2435
"Fairfax County, Virginia",0500000US51059,111079,2434,138989,2594
"Benton County, Washington",0500000US53005,58997,2392,76624,3570
"Pierce County, Washington",0500000US53053,57660,1731,72924,1692
"Franklin County, Washington",0500000US53021,56631,8836,62091,3902
"Whatcom County, Washington",0500000US53073,50186,4300,64236,3146
"Wood County, West Virginia",0500000US54107,41408,2162,53927,2840
"Raleigh County, West Virginia",0500000US54081,40178,3177,51581,3459
"Guaynabo Municipio, Puerto Rico",0500000US72061,34649,4190,57615,6051
"San Juan Municipio, Puerto Rico",0500000US72127,21309,1275,38913,1897
"Sarpy County, Nebraska",0500000US31153,65706,4094,78907,3121
"Washoe County, Nevada",0500000US32031,53588,3017,72974,2690
"Merrimack County, New Hampshire",0500000US33013,65662,4441,78120,3701
"Strafford County, New Hampshire",0500000US33017,60692,4127,73117,4412
"Monmouth County, New Jersey",0500000US34025,83749,2555,112183,3523
"Sussex County, New Jersey",0500000US34037,88407,6008,105480,5618
"Essex County, New Jersey",0500000US34013,53610,2515,86464,2800
"Gloucester County, New Jersey",0500000US34015,71355,2905,87410,3223
"Passaic County, New Jersey",0500000US34031,58898,3312,82360,3578
"Bergen County, New Jersey",0500000US34003,81670,1288,116561,2886
"Warren County, New Jersey",0500000US34041,67208,6343,87949,5222
"Burlington County, New Jersey",0500000US34005,77398,2511,96658,2318
"Hinds County, Mississippi",0500000US28049,33719,2333,49884,2725
"Forrest County, Mississippi",0500000US28035,35422,4237,50290,5236
"DeSoto County, Mississippi",0500000US28033,58959,2775,69642,3024
"Delaware County, Pennsylvania",0500000US42045,64822,2699,90558,3417
"Somerset County, Pennsylvania",0500000US42111,43429,2945,55886,3498
"Greene County, Missouri",0500000US29077,37779,1841,55116,2575
"Jefferson County, Missouri",0500000US29099,55089,3051,66669,2943
"Rensselaer County, New York",0500000US36083,57438,3638,71086,3520
"Queens County, New York",0500000US36081,56599,943,73656,1195
"New York County, New York",0500000US36061,72190,2200,134222,5650
"Cayuga County, New York",0500000US36011,50154,3887,63694,3805
"Rockland County, New York",0500000US36087,80942,3050,105528,4823
"Niagara County, New York",0500000US36063,46775,2992,60740,3297
"Nassau County, New York",0500000US36059,96193,2415,125744,2338
"Jefferson County, New York",0500000US36045,46683,3783,59121,3601
"Suffolk County, New York",0500000US36103,85439,1792,106778,2288
"Oswego County, New York",0500000US36075,46533,4134,60106,2873
"Wayne County, New York",0500000US36117,50242,2692,60206,3327
"Broome County, New York",0500000US36007,45560,2594,62422,3435
"Erie County, New York",0500000US36029,51245,1158,66560,1234
"Sullivan County, New York",0500000US36105,47805,3858,62391,5327
"Orange County, New York",0500000US36071,68950,2495,89071,4727
"Forsyth County, North Carolina",0500000US37067,45580,2317,65623,2556
"Carteret County, North Carolina",0500000US37031,45231,3526,59026,3360
"Rockingham County, North Carolina",0500000US37157,41335,5769,50021,2937
"Gaston County, North Carolina",0500000US37071,41728,2306,56960,2505
"Moore County, North Carolina",0500000US37125,49959,3736,68742,5295
"Chatham County, North Carolina",0500000US37037,56550,3787,77604,7815
"Johnston County, North Carolina",0500000US37101,50492,2893,62800,2990
"Onslow County, North Carolina",0500000US37133,44673,4089,54335,2633
"Rutherford County, North Carolina",0500000US37161,34993,2756,45852,4396
"Burke County, North Carolina",0500000US37023,33379,2947,44627,2748
"Ward County, North Dakota",0500000US38101,57679,6562,73185,6167
"Cass County, North Dakota",0500000US38017,52015,2942,70599,4304
"Greene County, Ohio",0500000US39057,59872,4635,77565,4948
"Charlotte County, Florida",0500000US12015,43698,1777,57263,2992
"Martin County, Florida",0500000US12085,49444,6416,79621,5323
"Sarasota County, Florida",0500000US12115,48263,2365,69051,2660
"Citrus County, Florida",0500000US12017,40015,3181,50370,2889
"Santa Rosa County, Florida",0500000US12113,54843,3910,66549,4260
"Broward County, Florida",0500000US12011,50446,817,72233,1820
"Monroe County, Florida",0500000US12087,50838,3977,81735,12444
"Paulding County, Georgia",0500000US13223,56307,3918,68760,5544
"Richmond County, Georgia",0500000US13245,35649,3524,53910,5005
"Barrow County, Georgia",0500000US13013,56051,4902,65019,4686
"Whitfield County, Georgia",0500000US13313,38126,3182,51889,4535
"Chatham County, Georgia",0500000US13051,45263,2147,64714,3621
"Walton County, Georgia",0500000US13297,53233,4132,62524,4086
"Faulkner County, Arkansas",0500000US05045,49149,5054,64321,7158
"Jefferson County, Arkansas",0500000US05069,34689,3798,47747,3795
"Sebastian County, Arkansas",0500000US05131,41056,4968,57516,6059
"Benton County, Arkansas",0500000US05007,56570,2597,75142,3291
"Washington County, Arkansas",0500000US05143,42073,2951,60774,3597
"Craighead County, Arkansas",0500000US05031,41134,4065,57178,8074
"Erie County, Ohio",0500000US39043,46073,2283,57501,3621
"Summit County, Ohio",0500000US39153,49232,1731,68061,1959
"Columbiana County, Ohio",0500000US39029,42100,3513,53026,3718
"Scioto County, Ohio",0500000US39145,37351,5842,52472,4903
"Mahoning County, Ohio",0500000US39099,40843,2180,54301,2567
"Allen County, Ohio",0500000US39003,43030,3327,56070,3645
"Clark County, Ohio",0500000US39023,43742,2930,59914,3503
"Lorain County, Ohio",0500000US39093,52687,2262,66842,2810
"Montgomery County, Ohio",0500000US39113,42776,1519,58741,1914
"Warren County, Ohio",0500000US39165,73432,6601,96687,5796
"Ashtabula County, Ohio",0500000US39007,40839,2047,48251,1967
"Canadian County, Oklahoma",0500000US40017,63549,2619,75908,3545
"Comanche County, Oklahoma",0500000US40031,41488,3674,56768,3714
"Wagoner County, Oklahoma",0500000US40145,52108,2790,65814,3755
"Muskogee County, Oklahoma",0500000US40101,39130,4315,53021,3297
"Jackson County, Oregon",0500000US41029,43363,3149,57279,3377
"Clackamas County, Oregon",0500000US41005,66758,2466,86591,3504
"Josephine County, Oregon",0500000US41033,38298,3368,58375,8913
"Umatilla County, Oregon",0500000US41059,48514,4000,55792,3262
"Lane County, Oregon",0500000US41039,43459,2925,60051,2957
"Washington County, Oregon",0500000US41067,63238,2919,79158,2390
"Bucks County, Pennsylvania",0500000US42017,73594,2419,98484,2922
"Lehigh County, Pennsylvania",0500000US42077,54244,3578,72024,2559
"Luzerne County, Pennsylvania",0500000US42079,45190,1992,59316,2446
"Columbia County, Pennsylvania",0500000US42037,46530,3772,61904,4748
"Kent County, Rhode Island",0500000US44003,65631,5330,86430,7468
"Washington County, Rhode Island",0500000US44009,70433,6213,92534,5725
"Sumter County, South Carolina",0500000US45085,39780,2773,52558,3855
"Darlington County, South Carolina",0500000US45031,31674,4326,47822,4709
"York County, South Carolina",0500000US45091,54439,4013,69729,3470
"Sumner County, Tennessee",0500000US47165,55917,3144,72789,3997
"Shelby County, Tennessee",0500000US47157,45226,1445,67435,1847
"Davidson County, Tennessee",0500000US47037,47150,1241,67549,2155
"Montgomery County, Tennessee",0500000US47125,51017,2110,60554,3724
"Hamilton County, Tennessee",0500000US47065,47415,3063,67603,2960
"Sullivan County, Tennessee",0500000US47163,40148,2478,54800,2946
"Winnebago County, Wisconsin",0500000US55139,49776,2067,63327,2929
"Calvert County, Maryland",0500000US24009,94196,7032,105654,5904
"Montgomery County, Maryland",0500000US24031,98326,2084,133246,2739
"St. Mary's County, Maryland",0500000US24037,78233,6783,91175,5912
"Cecil County, Maryland",0500000US24015,66090,4802,83160,5643
"Barnstable County, Massachusetts",0500000US25001,61026,2089,80103,3977
"Berkshire County, Massachusetts",0500000US25003,52514,2831,71181,4367
"Plymouth County, Massachusetts",0500000US25023,76183,2867,96316,3127
"Norfolk County, Massachusetts",0500000US25021,84317,3624,117965,3764
"Monroe County, Michigan",0500000US26115,53561,5225,67005,4278
"Ottawa County, Michigan",0500000US26139,57517,2418,73264,3338
"Midland County, Michigan",0500000US26111,49913,4949,70375,5855
"Lenawee County, Michigan",0500000US26091,45938,2554,56687,3315
"Kalamazoo County, Michigan",0500000US26077,45854,2243,63179,3115
"Calhoun County, Michigan",0500000US26025,44520,3406,58496,4020
"Kent County, Michigan",0500000US26081,51992,1328,69296,1896
"Saginaw County, Michigan",0500000US26145,41548,1906,56990,3269
"Bay County, Michigan",0500000US26017,41281,4157,54804,4543
"Hennepin County, Minnesota",0500000US27053,64379,1438,89820,2310
"Kenton County, Kentucky",0500000US21117,53761,2590,67972,3773
"Madison County, Kentucky",0500000US21151,45316,3695,58401,3316
"DeKalb County, Alabama",0500000US01049,40876,7020,47583,4003
"Etowah County, Alabama",0500000US01055,39459,4190,50005,2725
"Mobile County, Alabama",0500000US01097,42944,2180,55932,1971
"Walker County, Alabama",0500000US01127,34810,6404,47711,3997
"Calhoun County, Alabama",0500000US01015,36205,3402,48969,3490
"Marshall County, Alabama",0500000US01095,38116,3568,53020,4391
"Madison County, Alabama",0500000US01089,58076,2427,78462,3327
"Matanuska-Susitna Borough, Alaska",0500000US02170,72122,3128,83845,3968
"Anchorage Municipality, Alaska",0500000US02020,79045,4404,99591,3724
"Pima County, Arizona",0500000US04019,43824,1116,61719,1944
"Maricopa County, Arizona",0500000US04013,52045,553,72078,906
"Mohave County, Arizona",0500000US04015,39058,2478,50777,3449
"Coconino County, Arizona",0500000US04005,50637,4486,68635,8836
"Yavapai County, Arizona",0500000US04025,39895,2182,51801,2731
"Pinal County, Arizona",0500000US04021,49756,2357,60822,2349
"Madison County, Indiana",0500000US18095,40913,1760,53005,3594
"East Baton Rouge Parish, Louisiana",0500000US22033,48463,2797,72965,3747
"Jefferson Parish, Louisiana",0500000US22051,46576,1704,66673,2616
"Bossier Parish, Louisiana",0500000US22015,51796,3249,69591,5096
"Ouachita Parish, Louisiana",0500000US22073,40473,2900,57216,3660
"Rapides Parish, Louisiana",0500000US22079,39331,3824,57957,4448
"St. Landry Parish, Louisiana",0500000US22097,31955,4905,47940,4178
"Tangipahoa Parish, Louisiana",0500000US22105,44166,6891,56206,4658
"Lafayette Parish, Louisiana",0500000US22055,57949,6015,73509,4015
"Orleans Parish, Louisiana",0500000US22071,36631,1524,61241,2928
"Terrebonne Parish, Louisiana",0500000US22109,55148,6688,68128,5072
"Calcasieu Parish, Louisiana",0500000US22019,42625,4020,61884,4024
"Lafourche Parish, Louisiana",0500000US22057,52373,7257,64889,3558
"Santa Barbara County, California",0500000US06083,62421,3413,92050,4618
"Saline County, Arkansas",0500000US05125,53107,4147,63617,3399
"Imperial County, California",0500000US06025,43310,4644,57230,3683
"Alameda County, California",0500000US06001,72399,1724,99085,1624
"Napa County, California",0500000US06055,70914,4646,93591,5739
"San Francisco County, California",0500000US06075,77485,2315,117255,4208
"Kings County, California",0500000US06031,45774,3036,60976,3946
"Fresno County, California",0500000US06019,43925,1374,61208,1526
"Orange County, California",0500000US06059,74163,1461,101242,1921
"Sutter County, California",0500000US06101,49139,4861,68348,5326
"San Joaquin County, California",0500000US06077,51432,1301,66389,1891
"Adams County, Colorado",0500000US08001,54878,2563,69922,1779
"Larimer County, Colorado",0500000US08069,59052,2807,78307,3659
"Windham County, Connecticut",0500000US09015,57503,6522,69579,4481
"Middlesex County, Connecticut",0500000US09007,75303,5209,97694,5030
"Brevard County, Florida",0500000US12009,46472,1836,60739,1805
"Lake County, Florida",0500000US12069,44026,2669,57039,2472
"Polk County, Florida",0500000US12105,42435,1473,55506,1709
"Seminole County, Florida",0500000US12117,55058,2892,71758,2840
"Bay County, Florida",0500000US12005,45594,2519,60729,3574
"Osceola County, Florida",0500000US12097,41361,2613,53895,3416
"Orange County, Florida",0500000US12095,46716,1123,64671,1874
"Alachua County, Florida",0500000US12001,38454,2549,57429,3414
"Delaware County, Indiana",0500000US18035,36402,2314,50407,3030
"Morgan County, Indiana",0500000US18109,56664,5524,69658,6708
"St. Joseph County, Indiana",0500000US18141,40528,1265,57156,2960
"Kosciusko County, Indiana",0500000US18085,51221,2685,65887,5410
"Vanderburgh County, Indiana",0500000US18163,41102,2420,56887,3964
"Monroe County, Indiana",0500000US18105,41972,2458,62100,4508
"Marion County, Indiana",0500000US18097,41345,820,59126,2676
"Dubuque County, Iowa",0500000US19061,51735,2928,66198,3785
"Johnson County, Iowa",0500000US19103,51606,3153,73622,4613
"Olmsted County, Minnesota",0500000US27109,65665,2409,89647,3582
"St. Clair County, Alabama",0500000US01115,53803,4543,66485,5775
"Baldwin County, Alabama",0500000US01003,44874,4150,65071,4760
"Houston County, Alabama",0500000US01069,39006,2192,54174,2003
"Tuscaloosa County, Alabama",0500000US01125,46538,2485,59774,3605
"Dakota County, Minnesota",0500000US27037,73475,3805,91821,2534
"Blue Earth County, Minnesota",0500000US27013,51858,3000,70419,6050
"St. Louis County, Minnesota",0500000US27137,45895,1912,59965,2185
"Montgomery County, Alabama",0500000US01101,44675,2252,63039,3364
"Fairbanks North Star Borough, Alaska",0500000US02090,69113,4914,82347,7269
"Cochise County, Arizona",0500000US04003,46647,3806,62559,4024
"Apache County, Arizona",0500000US04001,29180,2521,38066,2727
"Yuma County, Arizona",0500000US04027,41666,2672,55512,3264
"Navajo County, Arizona",0500000US04017,38400,3836,48863,3499
"Penobscot County, Maine",0500000US23019,43598,2656,59874,4838
"Androscoggin County, Maine",0500000US23001,44127,3784,55709,4102
"Aroostook County, Maine",0500000US23003,36825,2313,47254,2916
"Cumberland County, Maine",0500000US23005,54780,2675,75558,2744
"York County, Maine",0500000US23031,55350,2947,71664,3461
"Kennebec County, Maine",0500000US23011,44724,3473,54773,2686
"Pottawattamie County, Iowa",0500000US19155,50557,3022,64442,4497
"Baltimore city, Maryland",0500000US24510,42266,1216,62494,2391
"Harford County, Maryland",0500000US24025,77765,3672,92495,2825
"Howard County, Maryland",0500000US24027,109476,4667,131886,5106
"Prince George's County, Maryland",0500000US24033,72052,1580,88030,1444
"Baltimore County, Maryland",0500000US24005,64795,2089,85369,1965
"Frederick County, Maryland",0500000US24021,84308,3802,101338,3207
"Carroll County, Maryland",0500000US24013,82955,3838,100245,4279
"Charles County, Maryland",0500000US24017,88797,3640,101681,5034
"Washington County, Maryland",0500000US24043,57615,4088,69779,3218
"Wicomico County, Maryland",0500000US24045,48897,4554,69490,8752
"Suffolk County, Massachusetts",0500000US25025,54747,2139,79770,2359
"Middlesex County, Massachusetts",0500000US25017,82425,1848,113867,2064
"Bristol County, Massachusetts",0500000US25005,53501,2118,71288,1839
"Hampden County, Massachusetts",0500000US25013,48845,2497,66794,2583
"Essex County, Massachusetts",0500000US25009,67522,1735,88308,2132
"Franklin County, Massachusetts",0500000US25011,52339,3176,68273,4377
"Worcester County, Massachusetts",0500000US25027,62483,2404,80289,1702
"Hampshire County, Massachusetts",0500000US25015,65190,6303,80969,5221
"Allegan County, Michigan",0500000US26005,56077,3157,66937,3992
"Oakland County, Michigan",0500000US26125,67202,1539,91213,1617
"Muskegon County, Michigan",0500000US26121,41630,2311,52010,2099
"Lapeer County, Michigan",0500000US26087,52960,5542,65218,3466
"Isabella County, Michigan",0500000US26073,37488,3565,49048,3462
"Berrien County, Michigan",0500000US26021,44747,2770,60408,2374
"Clinton County, Michigan",0500000US26037,59569,5876,76465,4772
"Ingham County, Michigan",0500000US26065,44569,2336,62759,2615
"Story County, Iowa",0500000US19169,50279,4756,63311,4049
"Black Hawk County, Iowa",0500000US19013,45666,2254,59438,3097
"Linn County, Iowa",0500000US19113,56151,1942,70109,2757
"Dallas County, Iowa",0500000US19049,78837,6441,94631,5657
"Sedgwick County, Kansas",0500000US20173,48361,1563,64459,2026
"Johnson County, Kansas",0500000US20091,73737,1924,99773,4371
"Douglas County, Kansas",0500000US20045,52150,4124,69922,5758
"St. Clair County, Michigan",0500000US26147,50285,2451,60711,2637
"Van Buren County, Michigan",0500000US26159,45081,3794,55391,3075
"Washtenaw County, Michigan",0500000US26161,59660,2846,83022,2499
"Wyandotte County, Kansas",0500000US20209,38412,2534,48285,2257
"Leavenworth County, Kansas",0500000US20103,68266,5839,77420,5199
"Shawnee County, Kansas",0500000US20177,50150,2384,62347,2674
"Jefferson County, Kentucky",0500000US21111,47488,1371,68340,2683
"Wayne County, Michigan",0500000US26163,40487,720,57325,968
"Grand Traverse County, Michigan",0500000US26055,50830,2387,64819,6285
"Jackson County, Michigan",0500000US26075,43668,3721,56509,2797
"Genesee County, Michigan",0500000US26049,41249,1596,55459,1943
"Livingston County, Michigan",0500000US26093,70707,1792,84786,3463
"Marquette County, Michigan",0500000US26103,45011,4111,60218,5048
"Macomb County, Michigan",0500000US26099,52851,1461,67512,1918
"Shiawassee County, Michigan",0500000US26155,41892,4159,51095,3022
"Eaton County, Michigan",0500000US26045,53328,2606,63989,3092
"Rice County, Minnesota",0500000US27131,58584,4493,73686,4719
"Kootenai County, Idaho",0500000US16055,54919,4995,66107,4302
"Twin Falls County, Idaho",0500000US16083,47403,7063,55375,3679
"Ada County, Idaho",0500000US16001,52542,2576,72547,3309
"Bannock County, Idaho",0500000US16005,42174,2570,58017,3874
"Bonneville County, Idaho",0500000US16019,49884,2598,61028,4273
"Kankakee County, Illinois",0500000US17091,49761,3843,62730,5082
"DuPage County, Illinois",0500000US17043,76195,1794,105380,2798
"LaSalle County, Illinois",0500000US17099,48552,4244,64147,3840
"Cook County, Illinois",0500000US17031,53827,876,78688,1078
"Macon County, Illinois",0500000US17115,45957,2504,62101,4250
"McHenry County, Illinois",0500000US17111,75449,3797,89633,3170
"St. Clair County, Illinois",0500000US17163,48136,3402,69457,5291
"Champaign County, Illinois",0500000US17019,45682,2942,62997,2902
"Kendall County, Illinois",0500000US17093,74859,5275,84929,6486
"Peoria County, Illinois",0500000US17143,49391,2176,65500,3229
"Daviess County, Kentucky",0500000US21059,47252,3165,60725,4088
"Bullitt County, Kentucky",0500000US21029,60264,5721,66380,4297
"Boone County, Kentucky",0500000US21015,64414,3592,81865,4820
"Pike County, Kentucky",0500000US21195,34373,3584,47623,4085
"St. Tammany Parish, Louisiana",0500000US22103,61280,3920,82425,4793
"Caddo Parish, Louisiana",0500000US22017,39683,2325,58601,3230
"Ascension Parish, Louisiana",0500000US22005,75308,8085,80560,5027
"Iberia Parish, Louisiana",0500000US22045,39793,4554,62613,10236
"Livingston Parish, Louisiana",0500000US22063,52246,3751,67922,4871
"Hardin County, Kentucky",0500000US21093,48035,3355,61404,4923
"Lee County, Alabama",0500000US01081,46068,4329,64697,5518
"Jefferson County, Alabama",0500000US01073,45013,1634,66732,2301
"Lauderdale County, Alabama",0500000US01077,43891,1975,55690,4384
"Limestone County, Alabama",0500000US01083,48639,4044,64393,6350
"Shelby County, Alabama",0500000US01117,67800,3396,86192,3568
"Cullman County, Alabama",0500000US01043,39936,3154,53101,3590
"Elmore County, Alabama",0500000US01051,50699,6535,62534,5390
"Talladega County, Alabama",0500000US01121,37719,3980,53031,5179
"Morgan County, Alabama",0500000US01103,43169,4150,57992,4912
"Sherburne County, Minnesota",0500000US27141,76036,7217,84366,4532
"Winnebago County, Illinois",0500000US17201,46946,1727,62266,2889
"Christian County, Kentucky",0500000US21047,45206,5471,68231,14083
"Warren County, Kentucky",0500000US21227,48783,2122,62207,3628
"Fayette County, Kentucky",0500000US21067,47535,2510,69482,3208
"McCracken County, Kentucky",0500000US21145,41209,3773,56883,6066
"Carver County, Minnesota",0500000US27019,82333,6813,108091,9031
"Ramsey County, Minnesota",0500000US27123,56734,2201,74347,2083
"Scott County, Minnesota",0500000US27139,83173,6436,99996,5219
"Wright County, Minnesota",0500000US27171,71917,4176,82559,4150
"Anoka County, Minnesota",0500000US27003,70800,2110,81729,2449
"Stearns County, Minnesota",0500000US27145,57763,3332,71390,3448
"Washington County, Minnesota",0500000US27163,80748,2307,97033,3497
"Garland County, Arkansas",0500000US05051,39589,3856,53570,3569
"Pulaski County, Arkansas",0500000US05119,46368,2575,66398,3257
"Lake County, California",0500000US06033,37079,12116,50805,5039
"Adams County, Illinois",0500000US17001,41327,3704,52049,3655
"Vermilion County, Illinois",0500000US17183,45089,2847,55410,2451
"Williamson County, Illinois",0500000US17199,44418,3220,57101,4419
"Lake County, Illinois",0500000US17097,74869,2536,108047,2953
"LaPorte County, Indiana",0500000US18091,46506,4073,59212,3490
"Vigo County, Indiana",0500000US18167,37930,4110,51087,3625
"Bartholomew County, Indiana",0500000US18005,52505,7233,68995,4262
"Lake County, Indiana",0500000US18089,48302,2335,62945,2596
"Hendricks County, Indiana",0500000US18063,67535,3693,82781,5033
"Grant County, Indiana",0500000US18053,38665,3135,47875,3164
"Hancock County, Indiana",0500000US18059,65421,8594,73598,5973
"Howard County, Indiana",0500000US18067,44265,4320,55634,3003
"Allegany County, Maryland",0500000US24001,40165,3867,51298,2946
"Anne Arundel County, Maryland",0500000US24003,86230,2655,106490,3768
