Name,Geo_id,"Estimate, Households, Median income (dollars)","Margin of Error, Households, Median income (dollars)","Estimate, Households, Mean income (dollars)","Margin of Error, Households, Mean income (dollars)"
"Bolingbrook village, Illinois",1600000US1707133,77095,10744,93934,8178
"Joliet city, Illinois",1600000US1738570,63864,4744,75770,3397
"Peoria city, Illinois",1600000US1759000,47369,4375,68248,4014
"Highlands Ranch CDP, Colorado",1600000US0836410,114288,6871,140197,8545
"Decatur city, Illinois",1600000US1718823,38124,4121,55266,3365
"Schaumburg village, Illinois",1600000US1768003,76122,7782,88206,4407
"Springfield city, Illinois",1600000US1772000,48179,3243,69310,4816
"Fort Wayne city, Indiana",1600000US1825000,45232,1611,58545,2371
"Centennial city, Colorado",1600000US0812815,102237,6364,128445,7523
"Pembroke Pines city, Florida",1600000US1255775,62812,2997,83382,4550
"Pompano Beach city, Florida",1600000US1258050,42736,3607,57828,3185
"Gainesville city, Florida",1600000US1225175,32968,2948,51207,7438
"Largo city, Florida",1600000US1239425,39384,3320,51221,3483
"West Palm Beach city, Florida",1600000US1276600,51217,5800,75562,6090
"Lehigh Acres CDP, Florida",1600000US1239925,46904,2961,55090,3819
"Carmel city, Indiana",1600000US1810342,113194,7840,148116,11746
"Hammond city, Indiana",1600000US1831000,46260,4601,55239,4602
"Fort Collins city, Colorado",1600000US0827425,59357,4467,77280,3438
"Loveland city, Colorado",1600000US0846465,67812,4769,78940,6600
"Westminster city, Colorado",1600000US0883835,71313,5188,90594,6612
"Palatine village, Illinois",1600000US1757225,80521,7333,101558,8028
"Bowling Green city, Kentucky",1600000US2108902,37305,3973,55948,8582
"Yuma city, Arizona",1600000US0485540,42731,4067,59044,4204
"Florence-Graham CDP, California",1600000US0624477,35546,3115,47167,4643
"Dothan city, Alabama",1600000US0121184,42336,3329,63435,4217
"Downey city, California",1600000US0619766,65578,5958,84748,6118
"Glendale city, California",1600000US0630000,64611,4418,91302,5218
"Palmdale city, California",1600000US0655156,52423,5046,68707,4234
"Redondo Beach city, California",1600000US0660018,97169,5847,135580,12136
"Torrance city, California",1600000US0680000,85710,5696,113171,6597
"Modesto city, California",1600000US0648354,55013,4305,70883,4567
"Turlock city, California",1600000US0680812,50691,3871,72762,8211
"Kenner city, Louisiana",1600000US2239475,52281,4870,70132,9191
"Sioux City city, Iowa",1600000US1973335,48517,4236,63559,6754
"Apple Valley town, California",1600000US0602364,46682,4711,64579,5665
"San Buenaventura (Ventura) city, California",1600000US0665042,74680,6865,91869,5563
"Santa Clarita city, California",1600000US0669088,94649,5427,113904,5660
"Rancho Cordova city, California",1600000US0659444,56890,6334,74150,5605
"Riverside city, California",1600000US0662000,63548,3865,78229,3493
"Temecula city, California",1600000US0678120,90179,4555,103767,5605
"Salinas city, California",1600000US0664224,58089,3550,69881,3958
"Fairfield city, California",1600000US0623182,69235,8801,95378,14094
"Palo Alto city, California",1600000US0655282,132673,22415,195106,18026
"Carson city, California",1600000US0611530,80616,5237,94391,6207
"Compton city, California",1600000US0615044,49125,4262,61583,4450
"Westminster city, California",1600000US0684550,60426,6644,79429,6771
"South San Francisco city, California",1600000US0673262,90545,5733,113128,9116
"Oxnard city, California",1600000US0654652,64279,3199,82251,4303
"Rialto city, California",1600000US0660466,53582,4319,64725,5322
"Carmichael CDP, California",1600000US0611390,58489,2704,82462,7534
"Columbia CDP, Maryland",1600000US2419125,107164,8843,126495,7692
"Baltimore city, Maryland",1600000US2404000,47350,1793,69831,2194
"Kissimmee city, Florida",1600000US1236950,37232,3606,51050,6118
"Riverview CDP, Florida",1600000US1260950,66545,6940,77780,5071
"Boynton Beach city, Florida",1600000US1207875,53188,5906,71073,11002
"Mission Viejo city, California",1600000US0648256,111503,3997,133262,10227
"Newport Beach city, California",1600000US0651182,113300,14067,196156,20050
"San Clemente city, California",1600000US0665084,80382,10622,125320,15039
"Berkeley city, California",1600000US0606000,78121,9002,123335,8305
"Fremont city, California",1600000US0626000,122419,4140,147658,6037
"Bellflower city, California",1600000US0604982,49750,4994,67779,6729
"Arden-Arcade CDP, California",1600000US0602553,41786,4455,76480,7758
"Citrus Heights city, California",1600000US0613588,59465,4555,69161,3942
"Pleasanton city, California",1600000US0657792,142412,14892,174518,14104
"Oakland city, California",1600000US0653000,68060,3831,97393,3727
"Denver city, Colorado",1600000US0820000,61105,1439,90835,3233
"Boulder city, Colorado",1600000US0807850,70158,6489,103895,7521
"Arvada city, Colorado",1600000US0803455,75082,3422,94556,4427
"Casas Adobes CDP, Arizona",1600000US0410670,63407,5513,81078,6065
"Huntsville city, Alabama",1600000US0137000,51895,3992,79025,4708
"Lake Charles city, Louisiana",1600000US2241155,38600,6652,58960,5877
"Spring Hill CDP, Florida",1600000US1268350,49705,4736,59031,3485
"Miami Gardens city, Florida",1600000US1245060,40031,2913,50778,3558
"Burbank city, California",1600000US0608954,72618,9875,95269,8118
"East Los Angeles CDP, California",1600000US0620802,42352,2929,55519,3484
"Vallejo city, California",1600000US0681666,65241,5818,82143,4977
"Milpitas city, California",1600000US0647766,116056,13446,131206,8728
"Tuscaloosa city, Alabama",1600000US0177256,39298,5673,63104,5730
"Hawthorne city, California",1600000US0632548,48354,3942,60402,3584
"San Mateo city, California",1600000US0668252,114444,10173,151185,8587
"Bakersfield city, California",1600000US0603526,59233,2929,76673,3043
"Corona city, California",1600000US0616350,71584,7397,91117,5260
"Jonesboro city, Arkansas",1600000US0535710,41434,4097,65954,12811
"New Orleans city, Louisiana",1600000US2255000,38681,2265,67259,2810
"Des Moines city, Iowa",1600000US1921000,49203,1951,64275,2948
"Indianapolis city (balance), Indiana",1600000US1836003,44615,1619,65086,2622
"South Bend city, Indiana",1600000US1871000,36711,2020,50088,4183
"The Villages CDP, Florida",1600000US1271625,61220,5556,71341,6594
"Macon-Bibb County, Georgia",1600000US1349008,36702,3052,55088,4176
"Antioch city, California",1600000US0602252,81203,9073,91930,6864
"Scottsdale city, Arizona",1600000US0465000,81381,3259,122777,6358
"Avondale city, Arizona",1600000US0404720,58404,7567,69218,5523
"Tempe city, Arizona",1600000US0473000,56365,6096,72577,4679
"Roseville city, California",1600000US0662938,86275,6571,101182,6368
"Chino city, California",1600000US0613210,68666,6838,85641,5329
"San Bernardino city, California",1600000US0665000,39472,2198,54206,4171
"Montgomery city, Alabama",1600000US0151000,41625,2720,62855,4293
"Los Angeles city, California",1600000US0644000,54432,1028,86370,1282
"Bossier City city, Louisiana",1600000US2208920,46268,3749,57201,4911
"Silver Spring CDP, Maryland",1600000US2472450,77041,6378,108337,6870
"Germantown CDP, Maryland",1600000US2432025,86184,6112,109310,8725
"Frederick city, Maryland",1600000US2430325,67352,7981,87077,6740
"Moreno Valley city, California",1600000US0649270,64008,4083,73110,3999
"Redlands city, California",1600000US0659962,72094,7241,89701,9783
"Camarillo city, California",1600000US0610046,79397,17241,108462,8718
"Fresno city, California",1600000US0627000,44905,2499,65528,2683
"Oceanside city, California",1600000US0653322,60487,2558,77409,3793
"Alameda city, California",1600000US0600562,92377,10380,112920,7102
"Lynwood city, California",1600000US0644574,45201,5590,62604,6615
"Ellicott City CDP, Maryland",1600000US2426000,133839,19575,153746,11259
"Quincy city, Massachusetts",1600000US2555745,72146,7278,86511,6333
"Cambridge city, Massachusetts",1600000US2511000,86657,8127,112659,8802
"Cicero town, Illinois",1600000US1714351,41484,3013,59107,10879
"Tucson city, Arizona",1600000US0477000,40021,1813,53164,1863
"Thousand Oaks city, California",1600000US0678582,100578,5073,132732,9227
"Merced city, California",1600000US0646898,41312,3335,60901,7105
"Tracy city, California",1600000US0680238,81576,6237,91891,4848
"Simi Valley city, California",1600000US0672016,94363,7332,116666,7697
"Longmont city, Colorado",1600000US0845970,60661,7483,82230,8434
"Rogers city, Arkansas",1600000US0560410,53179,6133,83492,6291
"Fayetteville city, Arkansas",1600000US0523290,38202,6063,63124,6763
"Springdale city, Arkansas",1600000US0566080,47523,4813,64817,6402
"Metairie CDP, Louisiana",1600000US2250115,55758,5214,81855,5788
"Newton city, Massachusetts",1600000US2545560,135646,8895,175676,16203
"El Cajon city, California",1600000US0621712,45577,5341,62420,5452
"Victorville city, California",1600000US0682590,48065,7528,64044,6981
"Anaheim city, California",1600000US0602000,64464,2851,84054,3758
"Fullerton city, California",1600000US0628000,72656,7477,97649,6459
"Huntington Beach city, California",1600000US0636000,86112,3199,111116,6103
"Tustin city, California",1600000US0680854,71601,12282,101418,7842
"Richmond city, California",1600000US0660620,61814,4918,78714,6583
"Colorado Springs city, Colorado",1600000US0816000,60308,2329,77939,2663
"Pueblo city, Colorado",1600000US0862000,38380,3344,54439,3944
"Greeley city, Colorado",1600000US0832155,51205,3535,69651,7085
"Little Rock city, Arkansas",1600000US0541000,45605,2893,75844,4972
"San Marcos city, California",1600000US0668196,81709,5868,97678,7250
"Santa Rosa city, California",1600000US0670098,71854,4076,91389,5531
"Irvine city, California",1600000US0636770,97496,7828,136133,14124
"Cedar Rapids city, Iowa",1600000US1912000,57135,3148,74248,5839
"Iowa City city, Iowa",1600000US1938595,44917,4784,63985,5259
"Muncie city, Indiana",1600000US1851876,32500,3568,48075,6412
"Kansas City city, Kansas",1600000US2036000,42141,1778,52743,1965
"Whittier city, California",1600000US0685292,73866,7181,89706,5907
"Stockton city, California",1600000US0675000,49271,2763,68600,3452
"Long Beach city, California",1600000US0643000,60075,3094,81177,3123
"Pasadena city, California",1600000US0656000,76263,4893,109630,8953
"Pomona city, California",1600000US0658072,53972,4624,67971,3496
"Napa city, California",1600000US0650258,68198,5954,94878,6499
"Birmingham city, Alabama",1600000US0107000,36241,2015,52792,3249
"Hoover city, Alabama",1600000US0135896,79004,7622,112859,8704
"Elk Grove city, California",1600000US0622020,91899,4543,113067,7273
"Mountain View city, California",1600000US0649670,121533,7156,158533,12698
"Lake Forest city, California",1600000US0639496,100557,9702,117633,7819
"Santa Ana city, California",1600000US0669000,61895,2648,77009,3292
"Overland Park city, Kansas",1600000US2053775,78602,4230,105459,4760
"Olathe city, Kansas",1600000US2052575,82242,4714,99335,6047
"Escondido city, California",1600000US0622804,60328,3258,76994,4570
"Menifee city, California",1600000US0646842,59895,6492,78712,5182
"Costa Mesa city, California",1600000US0616532,81019,6043,104660,8366
"Redwood City city, California",1600000US0660102,100949,4400,134402,9960
"Pittsburg city, California",1600000US0657456,67392,4155,88677,9437
"Walnut Creek city, California",1600000US0683346,89814,9752,124799,8102
"Daly City city, California",1600000US0617918,89843,6700,108971,6824
"Indio city, California",1600000US0636448,40449,3871,62696,5922
"Murrieta city, California",1600000US0650076,81467,4973,104656,9072
"Castro Valley CDP, California",1600000US0611964,90075,8008,112689,8899
"Clovis city, California",1600000US0614218,65976,6301,87663,6479
"Chico city, California",1600000US0613014,39488,6707,62222,6087
"Folsom city, California",1600000US0624638,102460,6695,122983,8887
"Sacramento city, California",1600000US0664000,55187,2058,74486,2617
"San Tan Valley CDP, Arizona",1600000US0464210,58608,3539,69344,5914
"Shawnee city, Kansas",1600000US2064500,80033,11352,99655,8421
"Waterloo city, Iowa",1600000US1982425,43566,4557,58436,5447
"Concord city, California",1600000US0616000,76335,3795,97008,5484
"San Ramon city, California",1600000US0668378,151327,13171,175476,12473
"Redding city, California",1600000US0659920,46749,3360,67745,5386
"Peoria city, Arizona",1600000US0454050,68882,5154,82965,3473
"Broomfield city, Colorado",1600000US0809280,84349,7092,111621,8884
"Conway city, Arkansas",1600000US0515190,49183,6411,69964,7795
"Wichita city, Kansas",1600000US2079000,49202,2243,66555,2115
"Baton Rouge city, Louisiana",1600000US2205000,38470,2894,68112,5825
"Lawrence city, Kansas",1600000US2038900,54243,5848,71170,6007
"Ames city, Iowa",1600000US1901855,43737,8213,63875,7517
"Chandler city, Arizona",1600000US0412000,75369,3270,94908,3937
"Glendale city, Arizona",1600000US0427820,51022,3165,66976,3063
"Mesa city, Arizona",1600000US0446000,52393,1375,71350,2668
"Flagstaff city, Arizona",1600000US0423620,59658,5759,72226,6631
"Phoenix city, Arizona",1600000US0455000,52062,943,73135,1912
"Gilbert town, Arizona",1600000US0427400,91576,3560,107336,4832
"Jurupa Valley city, California",1600000US0637692,61800,5550,72133,5253
"Carlsbad city, California",1600000US0611194,113217,10242,149293,10656
"Union City city, California",1600000US0681204,98367,11765,119374,7305
"Davis city, California",1600000US0618100,64452,8364,96283,7008
"Glen Burnie CDP, Maryland",1600000US2432650,59950,5629,76220,7031
"Gaithersburg city, Maryland",1600000US2431175,84312,4956,102752,6893
"Rockville city, Maryland",1600000US2467675,101814,14715,131841,11626
"Fishers city, Indiana",1600000US1823278,97906,13440,126432,14132
"Orange city, California",1600000US0653980,84141,8724,111245,7643
"El Monte city, California",1600000US0622230,48434,4796,61330,5010
"Chula Vista city, California",1600000US0613392,68699,6166,84862,4731
"Vacaville city, California",1600000US0681554,85422,4076,102505,6532
"Chino Hills city, California",1600000US0613214,99324,9973,118053,10589
"Fontana city, California",1600000US0624680,66073,3492,76527,4099
"Rancho Cucamonga city, California",1600000US0659451,81286,4332,98735,4953
"Upland city, California",1600000US0681344,65578,5526,83400,5402
"Buena Park city, California",1600000US0608786,70224,8786,85577,8191
"San Leandro city, California",1600000US0668084,65963,7030,85841,6550
"Alhambra city, California",1600000US0600884,52819,5486,74352,7945
"Norwalk city, California",1600000US0652526,63143,3912,75291,5644
"Santa Monica city, California",1600000US0670000,90088,8952,121669,10407
"South Gate city, California",1600000US0673080,46556,2925,61293,3555
"West Covina city, California",1600000US0684200,74076,6102,83341,4212
"Garden Grove city, California",1600000US0629000,63566,5545,82296,5137
"Laguna Niguel city, California",1600000US0639248,107101,11756,136236,12643
"Yorba Linda city, California",1600000US0686832,126350,15025,160983,16436
"Santa Maria city, California",1600000US0669196,55775,6036,70925,5272
"Santa Barbara city, California",1600000US0669070,67593,6107,97400,8226
"Lafayette city, Louisiana",1600000US2240735,48139,5995,72621,7176
"Shreveport city, Louisiana",1600000US2270000,34647,2903,57103,5040
"Waldorf CDP, Maryland",1600000US2481175,96886,5731,104332,7128
"Lafayette city, Indiana",1600000US1840788,44734,3884,55887,6934
"Ontario city, California",1600000US0653896,55982,3542,70455,4788
"Hemet city, California",1600000US0633182,37314,4659,48188,5802
"Perris city, California",1600000US0656700,48974,16412,64460,7465
"Manteca city, California",1600000US0645484,62106,3988,75959,6557
"San Jose city, California",1600000US0668000,101940,1817,131280,3289
"San Francisco city, California",1600000US0667000,103801,3580,144957,3801
"Santa Clara city, California",1600000US0669084,110110,6050,131152,8463
"Yuba City city, California",1600000US0686972,50246,5574,63278,4617
"Sunnyvale city, California",1600000US0677000,121546,3651,152329,7910
"San Diego city, California",1600000US0666000,71481,1831,99064,2631
"Thornton city, Colorado",1600000US0877290,75289,6198,86897,4064
"Surprise city, Arizona",1600000US0471510,60521,2083,72950,3579
"Goodyear city, Arizona",1600000US0428380,73960,5262,90162,7320
"Portland city, Maine",1600000US2360545,51851,5548,71966,5718
"Bloomington city, Indiana",1600000US1805860,32136,4362,56300,6545
"Topeka city, Kansas",1600000US2071000,45054,3717,61304,4887
"Lexington-Fayette urban county, Kentucky",1600000US2146027,53178,2682,77827,2818
"Louisville/Jefferson County metro government (balance), Kentucky",1600000US2148006,48996,2409,69543,2452
"Vista city, California",1600000US0682996,61433,4549,78948,6253
"Visalia city, California",1600000US0682954,55280,6744,73501,7030
"Hayward city, California",1600000US0633000,75352,5471,93782,5475
"Livermore city, California",1600000US0641992,111625,11821,135469,9424
"Baldwin Park city, California",1600000US0603666,63549,5155,71588,5690
"Inglewood city, California",1600000US0636546,51620,5138,69587,6086
"Lakewood city, Colorado",1600000US0843000,59144,3644,77007,3588
"North Little Rock city, Arkansas",1600000US0550450,40507,2935,56710,5406
"Anchorage municipality, Alaska",1600000US0203000,85634,4164,106393,4408
"Davenport city, Iowa",1600000US1919000,45964,4238,63091,4982
"Lakewood city, California",1600000US0639892,86068,9481,96650,7533
"Hesperia city, California",1600000US0633434,51255,4097,64178,5821
"Lancaster city, California",1600000US0640130,46910,3371,62101,3947
"Mobile city, Alabama",1600000US0150000,39463,3359,58113,3483
"Fort Smith city, Arkansas",1600000US0524550,38051,3862,52241,5392
"Evansville city, Indiana",1600000US1822000,38865,2950,50010,3414
"Gary city, Indiana",1600000US1827000,29522,3672,43652,5817
"Renton city, Washington",1600000US5357745,71951,6282,94987,8107
"Federal Way city, Washington",1600000US5323515,65788,4462,81908,6956
"Bellevue city, Washington",1600000US5305210,113877,7807,148295,8299
"Pasco city, Washington",1600000US5353545,57092,6632,68392,6063
"Midland city, Texas",1600000US4848072,64616,6712,99201,8606
"Centreville CDP, Virginia",1600000US5114440,103157,8730,122894,7031
"Alexandria city, Virginia",1600000US5101000,87920,4411,121672,5952
"Longview city, Texas",1600000US4843888,43411,3264,60120,5023
"Arlington city, Texas",1600000US4804000,54272,2640,72660,3375
"McKinney city, Texas",1600000US4845744,87356,3491,101645,4228
"Mesquite city, Texas",1600000US4847892,55416,4789,68480,5147
"Grand Prairie city, Texas",1600000US4830464,62391,4516,73438,3613
"Lewisville city, Texas",1600000US4842508,58361,2917,74276,5855
"The Woodlands CDP, Texas",1600000US4872656,97280,13574,143482,19324
"Memphis city, Tennessee",1600000US4748000,38826,1829,57015,2098
"Jackson city, Tennessee",1600000US4737640,38980,2391,54439,5201
"Beaverton city, Oregon",1600000US4105350,64636,6045,81454,5054
"Bend city, Oregon",1600000US4105800,60784,5863,74412,5812
"Oshkosh city, Wisconsin",1600000US5560500,46716,5170,57473,3730
"Bayamón zona urbana, Puerto Rico",1600000US7206593,23950,1702,35616,2283
"Eau Claire city, Wisconsin",1600000US5522300,44013,5637,59173,6297
"St. Joseph city, Missouri",1600000US2964550,44528,4016,61141,5756
"Kansas City city, Missouri",1600000US2938000,51235,1346,69301,2582
"St. Charles city, Missouri",1600000US2964082,63006,5772,79241,6595
"Trenton city, New Jersey",1600000US3474000,31592,3680,50867,4365
"East Orange city, New Jersey",1600000US3419390,40561,5150,53683,5040
"Yonkers city, New York",1600000US3684000,62049,4649,85641,4479
"Bismarck city, North Dakota",1600000US3807200,58522,5782,75960,4993
"Parma city, Ohio",1600000US3961000,52446,2710,61496,2613
"Lorain city, Ohio",1600000US3944856,36398,3751,52079,8805
"Broken Arrow city, Oklahoma",1600000US4009050,70221,2987,80624,3216
"Vancouver city, Washington",1600000US5374060,56615,3289,75852,5119
"Kent city, Washington",1600000US5335415,65423,5573,83154,5651
"Auburn city, Washington",1600000US5303180,60430,3425,76709,4449
"Spokane city, Washington",1600000US5367000,45676,3198,62964,3543
"Spokane Valley city, Washington",1600000US5367167,49966,5739,61993,3801
"Edinburg city, Texas",1600000US4822660,41319,8015,56035,7294
"Georgetown city, Texas",1600000US4829336,67379,6575,87225,6806
"Odessa city, Texas",1600000US4853388,56265,7531,83681,13760
"Abilene city, Texas",1600000US4801000,45713,4514,60415,3867
"Philadelphia city, Pennsylvania",1600000US4260000,41449,1045,60857,1341
"Cranston city, Rhode Island",1600000US4419180,67275,6818,78600,5183
"Knoxville city, Tennessee",1600000US4740000,35816,2040,51122,2560
"Edmond city, Oklahoma",1600000US4023200,79370,6951,113074,9401
"Lawton city, Oklahoma",1600000US4041850,47036,2878,61377,5651
"Scranton city, Pennsylvania",1600000US4269000,38807,4337,51385,4187
"Columbia city, Missouri",1600000US2915670,50044,4949,69317,5887
"Springfield city, Missouri",1600000US2970000,33286,1926,45568,3497
"Missoula city, Montana",1600000US3050200,43527,5643,65309,7244
"Spring Valley CDP, Nevada",1600000US3268585,53686,3360,69948,3804
"Henderson city, Nevada",1600000US3231900,68191,2893,87860,4303
"Brentwood CDP, New York",1600000US3608026,67670,8932,81799,8229
"Fargo city, North Dakota",1600000US3825700,52699,3371,71309,5817
"Wilmington city, North Carolina",1600000US3774440,38800,4351,65923,6263
"Hampton city, Virginia",1600000US5135000,50435,2213,65991,4653
"Arlington CDP, Virginia",1600000US5103000,110388,5159,143507,5109
"Marysville city, Washington",1600000US5343955,73132,6643,83745,7758
"Yakima city, Washington",1600000US5380010,41454,2485,56854,6499
"Conroe city, Texas",1600000US4816432,53035,6172,84999,15994
"Frisco city, Texas",1600000US4827684,124829,8174,152853,8668
"Wichita Falls city, Texas",1600000US4879000,42459,3078,56451,4413
"Salt Lake City city, Utah",1600000US4967000,56994,3819,77869,4192
"El Paso city, Texas",1600000US4824000,43200,2368,58682,2231
"St. George city, Utah",1600000US4965330,52697,4534,72242,8056
"Rapid City city, South Dakota",1600000US4652980,47813,3867,63668,5362
"Franklin city, Tennessee",1600000US4727740,91657,7295,111122,8238
"Allentown city, Pennsylvania",1600000US4202000,35813,2817,51172,4411
"Independence city, Missouri",1600000US2935000,45970,1628,64610,7010
"St. Louis city, Missouri",1600000US2965000,40346,1544,61944,3175
"Manchester city, New Hampshire",1600000US3345140,54664,3683,67565,3583
"Toms River CDP, New Jersey",1600000US3473110,71183,9031,85160,5557
"Las Cruces city, New Mexico",1600000US3539380,39201,5534,52944,4032
"Rio Rancho city, New Mexico",1600000US3563460,60979,7540,76168,5656
"Buffalo city, New York",1600000US3611000,32883,3138,51287,2885
"New Rochelle city, New York",1600000US3650617,75757,12330,111002,12021
"Cheektowaga CDP, New York",1600000US3615000,47868,5077,57787,3423
"Mount Vernon city, New York",1600000US3649121,52684,6541,77203,8328
"High Point city, North Carolina",1600000US3731400,41250,3218,61130,4823
"Greensboro city, North Carolina",1600000US3728000,45064,3188,66252,4916
"Newport News city, Virginia",1600000US5156000,50524,2354,64926,3193
"Lynchburg city, Virginia",1600000US5147672,41264,4948,60508,7079
"Baytown city, Texas",1600000US4806128,56892,8394,70582,4646
"Killeen city, Texas",1600000US4839148,47556,4550,58196,4692
"Layton city, Utah",1600000US4943660,68892,7725,80571,5199
"West Jordan city, Utah",1600000US4982950,71517,5663,81844,4547
"Sandy city, Utah",1600000US4967440,94025,8222,111052,7137
"Virginia Beach city, Virginia",1600000US5182000,71117,2228,90576,3130
"Johnson City city, Tennessee",1600000US4738320,41342,5939,61266,6164
"Erie city, Pennsylvania",1600000US4224000,36476,2433,46472,2454
"Greenville city, South Carolina",1600000US4530850,49000,5696,84489,8622
"Mount Pleasant town, South Carolina",1600000US4548535,100308,9717,134285,14098
"Columbia city, South Carolina",1600000US4516000,48577,3679,71859,6481
"Ponce zona urbana, Puerto Rico",1600000US7263820,17588,1680,27314,2355
"Carolina zona urbana, Puerto Rico",1600000US7214290,28197,1607,35823,2143
"Guaynabo zona urbana, Puerto Rico",1600000US7232522,42193,6817,66173,8551
"Nashua city, New Hampshire",1600000US3350260,69769,7652,84631,5456
"Santa Fe city, New Mexico",1600000US3570500,51347,2627,76621,6592
"Albany city, New York",1600000US3601000,42302,3456,60031,4832
"New York city, New York",1600000US3651000,58856,1105,93162,1043
"Fayetteville city, North Carolina",1600000US3722920,42918,2329,54258,3063
"Cincinnati city, Ohio",1600000US3915000,38539,3082,60535,2650
"Everett city, Washington",1600000US5322640,52626,5270,72157,5998
"Tyler city, Texas",1600000US4874144,47811,4658,67521,6129
"Cedar Park city, Texas",1600000US4813552,101064,8207,111347,8047
"Corpus Christi city, Texas",1600000US4817000,54344,2464,70810,2963
"Suffolk city, Virginia",1600000US5176432,66669,5806,85140,6532
"Roanoke city, Virginia",1600000US5168000,37044,3006,49385,3610
"San Angelo city, Texas",1600000US4864472,46619,5367,63657,5147
"Murfreesboro city, Tennessee",1600000US4751560,54654,4169,73772,4133
"Salem city, Oregon",1600000US4164900,51945,3055,67971,4686
"Medford city, Oregon",1600000US4147000,44697,4467,62972,5544
"Portland city, Oregon",1600000US4159000,62127,1923,87413,2487
"Hillsboro city, Oregon",1600000US4134100,75466,5338,91464,6865
"Gresham city, Oregon",1600000US4131250,58042,7332,70188,4528
"San Juan zona urbana, Puerto Rico",1600000US7276770,22553,1526,42698,3956
"Billings city, Montana",1600000US3006550,54222,3611,71407,3502
"Omaha city, Nebraska",1600000US3137000,52672,2590,74125,2043
"Clifton city, New Jersey",1600000US3413690,77923,11675,89100,5840
"Passaic city, New Jersey",1600000US3456550,38029,6253,56824,5120
"Rochester city, New York",1600000US3663000,31693,2072,47336,2798
"Syracuse city, New York",1600000US3673000,33695,2948,51070,3554
"Schenectady city, New York",1600000US3665508,38795,4572,55986,7023
"Greenville city, North Carolina",1600000US3728080,36806,4457,58245,5846
"Raleigh city, North Carolina",1600000US3755000,64456,3667,92275,5343
"Concord city, North Carolina",1600000US3714100,60107,9314,82100,6053
"Gastonia city, North Carolina",1600000US3725580,48286,3984,78867,27529
"Asheville city, North Carolina",1600000US3702140,45814,3847,61680,4298
"College Station city, Texas",1600000US4815976,39068,3475,69972,6606
"Mission city, Texas",1600000US4848768,40945,9471,62531,9487
"Seattle city, Washington",1600000US5363000,83476,3437,119401,4963
"Kirkland city, Washington",1600000US5335940,114336,5941,133379,7886
"Pharr city, Texas",1600000US4857200,37172,5828,42987,3851
"McAllen city, Texas",1600000US4845384,43062,5379,63180,5536
"Laredo city, Texas",1600000US4841464,36195,3214,54423,3356
"Fort Worth city, Texas",1600000US4827000,56428,2117,76452,2278
"Mansfield city, Texas",1600000US4846452,95225,11554,107138,8794
"San Antonio city, Texas",1600000US4865000,49268,1221,66058,1482
"Irving city, Texas",1600000US4837000,61362,2865,78245,3808
"Missouri City city, Texas",1600000US4848804,76846,13084,96639,8353
"Plano city, Texas",1600000US4858016,88398,4897,114891,4752
"Lubbock city, Texas",1600000US4845000,48103,2332,66854,3558
"Allen city, Texas",1600000US4801924,102064,10437,116757,8988
"Austin city, Texas",1600000US4805000,66697,1719,94820,2988
"Amarillo city, Texas",1600000US4803000,51466,1616,71176,4164
"Houston city, Texas",1600000US4835000,47793,1185,77312,1573
"Sugar Land city, Texas",1600000US4870808,112998,14285,157164,17510
"Warwick city, Rhode Island",1600000US4474300,59372,6199,81500,7129
"Providence city, Rhode Island",1600000US4459000,40335,2555,65731,5920
"Pawtucket city, Rhode Island",1600000US4454640,46792,2989,63377,5878
"Clarksville city, Tennessee",1600000US4715160,51696,2442,60306,3402
"Chattanooga city, Tennessee",1600000US4714000,41226,1903,62377,4703
"Tulsa city, Oklahoma",1600000US4075000,43134,1652,66701,2058
"Eugene city, Oregon",1600000US4123850,46189,4476,64777,4317
"Pittsburgh city, Pennsylvania",1600000US4261000,44707,2177,65103,2536
"Kenosha city, Wisconsin",1600000US5539225,51640,4036,66759,5351
"Lee's Summit city, Missouri",1600000US2941348,85137,6448,101072,7408
"Lincoln city, Nebraska",1600000US3128000,55792,2623,72144,3100
"Las Vegas city, Nevada",1600000US3240000,51115,1517,70491,1963
"Sparks city, Nevada",1600000US3268400,57444,5283,72261,5049
"Paradise CDP, Nevada",1600000US3254600,42593,2691,60900,3740
"Sunrise Manor CDP, Nevada",1600000US3271400,37379,2345,49338,2513
"Reno city, Nevada",1600000US3260600,51313,2435,72627,4243
"Elizabeth city, New Jersey",1600000US3421000,42690,3117,54344,4009
"Union City city, New Jersey",1600000US3474630,46286,6699,59258,4675
"Paterson city, New Jersey",1600000US3457000,36146,3202,52912,6965
"Albuquerque city, New Mexico",1600000US3502000,50522,1696,68467,1833
"Jacksonville city, North Carolina",1600000US3734200,39604,3290,50841,4119
"Cleveland city, Ohio",1600000US3916000,27551,1306,41841,2115
"Toledo city, Ohio",1600000US3977000,35301,2052,47666,2105
"Akron city, Ohio",1600000US3901000,35184,2037,49555,2706
"Youngstown city, Ohio",1600000US3988000,26789,2598,41485,5805
"Norman city, Oklahoma",1600000US4052500,52041,4150,70833,5238
"New Braunfels city, Texas",1600000US4850820,68937,8795,83464,9073
"Carrollton city, Texas",1600000US4813024,70673,4681,88513,5306
"Dallas city, Texas",1600000US4819000,47243,1101,76726,2168
"Round Rock city, Texas",1600000US4863500,72001,5014,91922,5190
"Tacoma city, Washington",1600000US5370000,55996,4046,71532,3955
"Kennewick city, Washington",1600000US5335275,56483,5157,71815,7171
"Garland city, Texas",1600000US4829000,57063,3481,67942,2512
"Richardson city, Texas",1600000US4861796,82241,7662,96034,6319
"Harlingen city, Texas",1600000US4832372,37507,7208,49354,4527
"Bryan city, Texas",1600000US4810912,38539,5801,61851,6760
"Temple city, Texas",1600000US4872176,50910,3980,66170,7341
"Pasadena city, Texas",1600000US4856000,50043,4768,69901,6616
"Pearland city, Texas",1600000US4856348,91010,6852,104670,6299
"Brownsville city, Texas",1600000US4810768,36584,3959,50645,3983
"Flower Mound town, Texas",1600000US4826232,131470,7393,151620,9673
"North Richland Hills city, Texas",1600000US4852356,59743,6950,81634,6720
"Beaumont city, Texas",1600000US4807000,42077,4800,65127,5159
"Waco city, Texas",1600000US4876000,37722,3948,59981,7157
"South Jordan city, Utah",1600000US4970850,95764,7437,115337,12124
"Bethlehem city, Pennsylvania",1600000US4206088,52588,3589,65269,3507
"Reading city, Pennsylvania",1600000US4263624,25865,3519,38245,3054
"Caguas zona urbana, Puerto Rico",1600000US7210334,20901,2706,31505,2709
"O'Fallon city, Missouri",1600000US2954074,85313,4666,98923,7210
"Camden city, New Jersey",1600000US3410000,26783,3405,40910,4826
"Newark city, New Jersey",1600000US3451000,31100,1639,46899,2428
"Cary town, North Carolina",1600000US3710740,100167,3890,122003,5651
"Durham city, North Carolina",1600000US3719000,52208,2117,74401,3637
"Charlotte city, North Carolina",1600000US3712000,61017,1321,86922,2244
"Winston-Salem city, North Carolina",1600000US3775000,42605,2747,69287,4528
"Dayton city, Ohio",1600000US3921000,28894,2567,44935,3975
"Richmond city, Virginia",1600000US5167000,42373,3434,69458,4656
"Waukesha city, Wisconsin",1600000US5584250,56808,3241,77211,5228
"League City city, Texas",1600000US4841980,104736,12428,116228,8403
"Atascocita CDP, Texas",1600000US4804462,94632,9974,110288,11345
"Ogden city, Utah",1600000US4955980,44381,6393,62659,8153
"Orem city, Utah",1600000US4957300,59776,4324,75192,4770
"Provo city, Utah",1600000US4962470,46883,6357,66849,6582
"Dale City CDP, Virginia",1600000US5121088,95632,7267,104949,6691
"Norfolk city, Virginia",1600000US5157000,46467,1944,64343,4081
"Sioux Falls city, South Dakota",1600000US4659020,56867,3826,77680,3975
"Green Bay city, Wisconsin",1600000US5531000,46020,2125,62459,4510
"Racine city, Wisconsin",1600000US5566000,35615,3641,47682,3218
"Milwaukee city, Wisconsin",1600000US5553000,38097,1643,53155,1889
"Madison city, Wisconsin",1600000US5548000,61284,2204,82118,3847
"North Las Vegas city, Nevada",1600000US3251800,55972,4117,67783,3318
"Enterprise CDP, Nevada",1600000US3223770,72530,3818,83847,3801
"Bayonne city, New Jersey",1600000US3403580,59628,7030,81979,8042
"Jersey City city, New Jersey",1600000US3436000,63227,5776,97061,5322
"Columbus city, Ohio",1600000US3918000,49602,1823,63195,1637
"Canton city, Ohio",1600000US3912000,31714,2976,42627,3937
"Oklahoma City city, Oklahoma",1600000US4055000,52915,2095,72385,2074
"Bellingham city, Washington",1600000US5305280,47652,4794,63871,4386
"Appleton city, Wisconsin",1600000US5502375,52057,3043,75570,6648
"Victoria city, Texas",1600000US4875428,50851,6222,81706,10684
"Denton city, Texas",1600000US4819972,54528,4218,70386,6469
"West Valley City city, Utah",1600000US4983470,63882,4030,76009,5936
"Chesapeake city, Virginia",1600000US5116000,72928,4369,90320,5532
"Portsmouth city, Virginia",1600000US5164000,48516,4409,60637,3896
"Nashville-Davidson metropolitan government (balance), Tennessee",1600000US4752006,54310,2441,75847,2450
"Charleston city, South Carolina",1600000US4513330,61467,3214,90083,6488
"Rock Hill city, South Carolina",1600000US4561405,45821,4025,57984,4630
"North Charleston city, South Carolina",1600000US4550875,35600,2633,49220,4239
"Waukegan city, Illinois",1600000US1779293,43546,6055,60544,4894
"Columbus city, Georgia",1600000US1319000,40060,3076,58832,3438
"Plymouth city, Minnesota",1600000US2751730,97940,6608,125260,8912
"Flint city, Michigan",1600000US2629000,25896,1695,34481,2411
"St. Petersburg city, Florida",1600000US1263000,51474,1226,70430,2654
"Aurora city, Illinois",1600000US1703012,66540,5279,90135,7286
"Urban Honolulu CDP, Hawaii",1600000US1571550,65155,3304,87167,2577
"Savannah city, Georgia",1600000US1369000,38879,2067,55717,4700
"Clearwater city, Florida",1600000US1212875,41844,2863,67087,5349
"Deerfield Beach city, Florida",1600000US1216725,43556,3674,58317,6656
"Westland city, Michigan",1600000US2686000,45638,3256,58057,3995
"Tallahassee city, Florida",1600000US1270600,43663,3198,60224,2834
"Melbourne city, Florida",1600000US1243975,43822,5336,61864,6225
"Bloomington city, Minnesota",1600000US2706616,68108,5792,90413,6962
"Sunrise city, Florida",1600000US1269700,47468,3988,71076,11392
"Weston city, Florida",1600000US1276582,100821,25928,128506,14137
"Danbury city, Connecticut",1600000US0918430,70187,7806,86660,5813
"New Haven city, Connecticut",1600000US0952000,40457,3532,57457,4287
"Stamford city, Connecticut",1600000US0973000,87662,7959,127980,8723
"New Britain city, Connecticut",1600000US0950370,41128,5123,51125,4660
"Brooklyn Park city, Minnesota",1600000US2707966,61734,9889,77431,5752
"Gulfport city, Mississippi",1600000US2829700,39320,4437,52852,5611
"Alpharetta city, Georgia",1600000US1301696,95919,9595,128767,13449
"Roswell city, Georgia",1600000US1367284,85409,5405,112076,8795
"Hartford city, Connecticut",1600000US0937000,36637,4263,50122,3622
"Fort Lauderdale city, Florida",1600000US1224000,52813,4131,95496,7383
"Delray Beach city, Florida",1600000US1217100,53620,6498,81302,6730
"St. Paul city, Minnesota",1600000US2758000,54085,2720,75115,3313
"Rochester city, Minnesota",1600000US2754880,67712,6647,85072,4018
"Farmington Hills city, Michigan",1600000US2627440,71100,9055,103009,9764
"Eagan city, Minnesota",1600000US2717288,81552,7194,102577,5186
"Ann Arbor city, Michigan",1600000US2603000,60745,3868,87900,5284
"Grand Rapids city, Michigan",1600000US2634000,45795,3254,59638,2970
"Sterling Heights city, Michigan",1600000US2676460,61828,3355,74097,3497
"Deltona city, Florida",1600000US1217200,48161,4523,54914,3236
"Woodbury city, Minnesota",1600000US2771428,103902,9469,121574,8261
"Maple Grove city, Minnesota",1600000US2740166,113957,9249,128944,9514
"St. Cloud city, Minnesota",1600000US2756896,43750,3524,58071,4948
"Aurora city, Colorado",1600000US0804000,59467,2102,72816,2143
"Rockford city, Illinois",1600000US1765000,39537,2787,56595,3938
"Lowell city, Massachusetts",1600000US2537000,55383,5807,69713,5709
"Fall River city, Massachusetts",1600000US2523000,39663,3778,55545,5248
"Kalamazoo city, Michigan",1600000US2642160,40441,4704,51900,3890
"Livonia city, Michigan",1600000US2649000,71692,3478,88536,4627
"Lauderhill city, Florida",1600000US1239550,41756,4462,52112,4343
"Miramar city, Florida",1600000US1245975,61767,10653,73789,6760
"Jacksonville city, Florida",1600000US1235000,51298,1139,67984,1892
"Alafaya CDP, Florida",1600000US1200410,65655,15676,80693,12879
"Norwalk city, Connecticut",1600000US0955990,88209,7513,129762,11761
"Kendall CDP, Florida",1600000US1236100,62796,6061,90567,8685
"Miami Beach city, Florida",1600000US1245025,53685,7939,99515,12122
"Chicago city, Illinois",1600000US1714000,53006,1197,81641,1458
"Arlington Heights village, Illinois",1600000US1702154,77106,4115,106879,8003
"New Bedford city, Massachusetts",1600000US2545000,43241,3645,55946,4101
"Lynn city, Massachusetts",1600000US2537490,54711,6928,66423,5198
"Worcester city, Massachusetts",1600000US2582000,44020,2954,65765,4125
"Lansing city, Michigan",1600000US2646000,40160,3229,50006,3786
"Rochester Hills city, Michigan",1600000US2669035,81195,7501,102846,6840
"Davie town, Florida",1600000US1216475,64986,7335,94650,10300
"Coral Springs city, Florida",1600000US1214400,70031,8042,91069,5302
"Elgin city, Illinois",1600000US1723074,61070,4395,79710,7345
"Bloomington city, Illinois",1600000US1706613,60829,8404,82561,6156
"Boston city, Massachusetts",1600000US2507000,63621,3757,96086,3372
"Somerville city, Massachusetts",1600000US2562535,93343,9368,108431,7197
"Springfield city, Massachusetts",1600000US2567000,38897,2615,52282,2632
"Sandy Springs city, Georgia",1600000US1368516,73302,5299,120682,10991
"Augusta-Richmond County consolidated government (balance), Georgia",1600000US1304204,41273,1943,54060,3221
"Athens-Clarke County unified government (balance), Georgia",1600000US1303440,34592,5404,53811,3549
"Johns Creek city, Georgia",1600000US1342425,115776,10337,145614,13627
"Warner Robins city, Georgia",1600000US1380508,58771,4985,67691,7567
"Hialeah city, Florida",1600000US1230000,30495,1754,40025,1963
"Homestead city, Florida",1600000US1232275,32001,7301,44210,5301
"Miami city, Florida",1600000US1245000,34901,2378,61597,3254
"Daytona Beach city, Florida",1600000US1216525,31273,3805,47212,6792
"Dearborn city, Michigan",1600000US2621000,49257,4621,65730,4409
"Detroit city, Michigan",1600000US2622000,28099,1120,40705,1312
"Evanston city, Illinois",1600000US1724582,66165,11101,108190,11232
"Skokie village, Illinois",1600000US1770122,68430,7921,101178,12979
"Wilmington city, Delaware",1600000US1077580,36435,3926,65291,7913
"Nampa city, Idaho",1600000US1656260,44079,5802,51548,3876
"Naperville city, Illinois",1600000US1751622,116482,7747,143023,6148
"Lawrence city, Massachusetts",1600000US2534550,38455,5657,49882,5533
"Brockton city, Massachusetts",1600000US2509000,50034,3831,66177,4663
"Washington city, District of Columbia",1600000US1150000,75506,3416,114432,4518
"Bridgeport city, Connecticut",1600000US0908000,42113,3077,60434,4710
"Waterbury city, Connecticut",1600000US0980000,38752,3503,56004,3755
"Port St. Lucie city, Florida",1600000US1258715,51447,4695,65632,4972
"Orlando city, Florida",1600000US1253000,46761,2651,65640,4198
"Palm Coast city, Florida",1600000US1254200,49371,3359,59748,4402
"Palm Bay city, Florida",1600000US1254000,45712,3289,55706,4026
"Brandon CDP, Florida",1600000US1208150,60476,3183,74217,5738
"Duluth city, Minnesota",1600000US2717000,48126,4540,67158,5296
"Tampa city, Florida",1600000US1271000,50405,1908,80121,3965
"Tamarac city, Florida",1600000US1270675,50096,6634,62561,6645
"Hollywood city, Florida",1600000US1232000,52682,3423,71721,5449
"Plantation city, Florida",1600000US1257425,64862,5807,87845,6605
"Cape Coral city, Florida",1600000US1210275,57006,4182,68547,3645
"Jackson city, Mississippi",1600000US2836000,39724,2792,58310,4717
"Albany city, Georgia",1600000US1301052,34565,7208,50022,4556
"Fort Myers city, Florida",1600000US1224125,36485,2497,60242,6049
"The Hammocks CDP, Florida",1600000US1271569,74734,4837,94720,14026
"Town 'n' Country CDP, Florida",1600000US1272145,49847,3063,67221,6804
"Boca Raton city, Florida",1600000US1207300,68804,6194,118668,9996
"Lakeland city, Florida",1600000US1238250,47311,3220,64380,4666
"Pine Hills CDP, Florida",1600000US1256825,38365,3252,45656,3676
"Framingham CDP, Massachusetts",1600000US2524960,74670,11470,101108,10546
"Warren city, Michigan",1600000US2684000,46249,2599,58351,3647
"Southfield city, Michigan",1600000US2674900,49664,4342,64575,4463
"Troy city, Michigan",1600000US2680700,95975,5704,119936,6562
"Wyoming city, Michigan",1600000US2688940,51886,2789,61842,3714
"Champaign city, Illinois",1600000US1712385,45406,7332,72112,6878
"Boise City city, Idaho",1600000US1608830,55199,2751,80031,4792
"Meridian city, Idaho",1600000US1652120,68623,5055,85497,13392
"Atlanta city, Georgia",1600000US1304000,53843,2765,92273,5233
"Minneapolis city, Minnesota",1600000US2743000,56255,3027,80256,2463
