Name,Geo_id,"Estimate, Households, Median income (dollars)","Margin of Error, Households, Median income (dollars)","Estimate, Households, Mean income (dollars)","Margin of Error, Households, Mean income (dollars)"
"Odessa city, Texas",1600000US4853388,58919,5585,70075,5876
"Portsmouth city, Virginia",1600000US5164000,50242,3880,58478,3595
"Waukesha city, Wisconsin",1600000US5584250,60923,3357,73558,4668
"Montgomery city, Alabama",1600000US0151000,42419,2801,60139,3216
"Tuscaloosa city, Alabama",1600000US0177256,47243,5538,63133,4682
"Rialto city, California",1600000US0660466,57065,5174,68690,4922
"Carmichael CDP, California",1600000US0611390,69552,8857,94536,9843
"Visalia city, California",1600000US0682954,64482,7140,81974,5412
"Hayward city, California",1600000US0633000,89925,6398,103386,5805
"Livermore city, California",1600000US0641992,118406,9928,149421,10708
"Baldwin Park city, California",1600000US0603666,67472,4525,77617,6553
"Inglewood city, California",1600000US0636546,51456,3805,66812,5353
"Jurupa Valley city, California",1600000US0637692,71996,7229,87181,9034
"Santa Rosa city, California",1600000US0670098,75356,4088,94919,5833
"Irvine city, California",1600000US0636770,104185,8917,126307,6359
"San Jose city, California",1600000US0668000,104675,3722,134413,3177
"San Francisco city, California",1600000US0667000,110816,3045,151667,4192
"Santa Clara city, California",1600000US0669084,115375,8902,136025,7744
"Vista city, California",1600000US0682996,68130,4472,81400,5360
"New Britain city, Connecticut",1600000US0950370,43574,3716,57965,5230
"Hartford city, Connecticut",1600000US0937000,33677,3233,50897,4510
"Weston city, Florida",1600000US1276582,97908,11287,153273,23199
"Port Charlotte CDP, Florida",1600000US1258350,52335,5376,62253,6203
"Lauderhill city, Florida",1600000US1239550,38471,4835,50342,4276
"Miramar city, Florida",1600000US1245975,70381,5710,88361,9533
"Jacksonville city, Florida",1600000US1235000,51497,1378,70658,2175
"Miami Gardens city, Florida",1600000US1245060,46450,4053,56552,4903
"Champaign city, Illinois",1600000US1712385,43785,4064,69721,7440
"Gary city, Indiana",1600000US1827000,26669,1926,42240,3982
"Sioux City city, Iowa",1600000US1973335,53332,5431,64947,4728
"Shawnee city, Kansas",1600000US2064500,89190,13419,105478,6927
"Topeka city, Kansas",1600000US2071000,48847,3699,60548,2590
"Bowling Green city, Kentucky",1600000US2108902,40814,2607,61183,7750
"Lafayette city, Louisiana",1600000US2240735,41964,4193,69515,7001
"New Orleans city, Louisiana",1600000US2255000,36999,1963,64136,2317
"Gaithersburg city, Maryland",1600000US2431175,82077,8999,106088,10050
"Columbia CDP, Maryland",1600000US2419125,100665,4818,119698,6055
"Baltimore city, Maryland",1600000US2404000,47131,1583,69676,2281
"Troy city, Michigan",1600000US2680700,95825,7459,119345,7618
"Wyoming city, Michigan",1600000US2688940,56774,6151,62994,4352
"Warren city, Michigan",1600000US2684000,46347,3187,59316,3097
"Livonia city, Michigan",1600000US2649000,82410,4820,91993,4728
"St. Cloud city, Minnesota",1600000US2756896,46048,7910,62604,7222
"Rochester city, New York",1600000US3663000,33588,2185,53179,5153
"Gastonia city, North Carolina",1600000US3725580,46688,4705,62361,4702
"Asheville city, North Carolina",1600000US3702140,50184,4135,70937,5125
"Salem city, Oregon",1600000US4164900,56186,3559,70161,5263
"Knoxville city, Tennessee",1600000US4740000,38714,2084,61582,5413
"Franklin city, Tennessee",1600000US4727740,96199,10766,118631,9761
"Edinburg city, Texas",1600000US4822660,55392,11673,64280,6640
"San Angelo city, Texas",1600000US4864472,46100,5168,64733,5901
"Arlington city, Texas",1600000US4804000,57083,3246,73804,2895
"McKinney city, Texas",1600000US4845744,93546,4188,117629,7346
"Denton city, Texas",1600000US4819972,51004,3327,71604,4364
"Roanoke city, Virginia",1600000US5168000,43799,3511,58975,6308
"Chesapeake city, Virginia",1600000US5116000,76629,4106,93101,4707
"Birmingham city, Alabama",1600000US0107000,33553,2673,50301,2808
"Hoover city, Alabama",1600000US0135896,84054,12009,109765,10958
"Riverside city, California",1600000US0662000,66928,4939,83928,3596
"Temecula city, California",1600000US0678120,89173,6660,112434,8199
"Mission Viejo city, California",1600000US0648256,102787,10441,124685,7307
"Lodi city, California",1600000US0642202,51902,11033,74729,9407
"Newport Beach city, California",1600000US0651182,127104,16887,219050,24251
"San Clemente city, California",1600000US0665084,101743,9197,137774,13533
"Berkeley city, California",1600000US0606000,86497,10955,124087,8402
"Fremont city, California",1600000US0626000,127235,4969,156457,6930
"Bellflower city, California",1600000US0604982,60233,6359,73276,6273
"Yuba City city, California",1600000US0686972,51497,5154,66529,4437
"Sunnyvale city, California",1600000US0677000,134234,9709,163724,8636
"San Diego city, California",1600000US0666000,76662,1736,105393,2573
"Salinas city, California",1600000US0664224,60370,5921,74277,3860
"Fairfield city, California",1600000US0623182,81231,8133,106535,11971
"Folsom city, California",1600000US0624638,116592,7389,127713,7471
"Sacramento city, California",1600000US0664000,56943,1779,79212,2997
"Lakewood city, California",1600000US0639892,83485,11507,96727,7270
"Elk Grove city, California",1600000US0622020,89404,4224,105294,5768
"Rancho Cordova city, California",1600000US0659444,64088,5627,87883,9636
"Menifee city, California",1600000US0646842,65995,7559,80386,6114
"Norwalk city, Connecticut",1600000US0955990,70236,8437,105144,8751
"Waterbury city, Connecticut",1600000US0980000,42969,4874,56808,5364
"Alafaya CDP, Florida",1600000US1200410,81572,14202,101355,14198
"Urban Honolulu CDP, Hawaii",1600000US1571550,69193,3583,95110,4291
"Bolingbrook village, Illinois",1600000US1707133,92769,10002,111198,12490
"Joliet city, Illinois",1600000US1738570,65725,5885,80179,4212
"Waterloo city, Iowa",1600000US1982425,42346,3456,59666,5233
"Lawrence city, Kansas",1600000US2038900,48827,4503,69274,6710
"Overland Park city, Kansas",1600000US2053775,79070,4121,109438,4377
"Olathe city, Kansas",1600000US2052575,87052,6495,100846,4072
"Bossier City city, Louisiana",1600000US2208920,46911,7935,59468,5832
"Rockville city, Maryland",1600000US2467675,100388,8026,124597,11080
"Dearborn city, Michigan",1600000US2621000,46662,5673,67231,5887
"Detroit city, Michigan",1600000US2622000,30344,1041,42401,1734
"Ann Arbor city, Michigan",1600000US2603000,70499,8944,97099,6041
"Grand Rapids city, Michigan",1600000US2634000,48521,2596,64877,4064
"Sterling Heights city, Michigan",1600000US2676460,64668,5528,78358,4504
"Maple Grove city, Minnesota",1600000US2740166,110288,12751,132234,11596
"Brooklyn Park city, Minnesota",1600000US2707966,71213,4097,89275,7023
"Greenville city, North Carolina",1600000US3728080,39423,3335,59158,5192
"Raleigh city, North Carolina",1600000US3755000,64660,2576,86850,3177
"Youngstown city, Ohio",1600000US3988000,28843,2024,39739,4821
"Medford city, Oregon",1600000US4147000,48825,4295,61617,4078
"Portland city, Oregon",1600000US4159000,66187,2382,88967,2773
"Hillsboro city, Oregon",1600000US4134100,83992,8600,94458,5136
"Gresham city, Oregon",1600000US4131250,51130,4064,64237,3264
"Philadelphia city, Pennsylvania",1600000US4260000,39759,1379,61458,1511
"Flower Mound town, Texas",1600000US4826232,133521,9392,155515,9107
"North Richland Hills city, Texas",1600000US4852356,67307,6876,84176,6074
"Midland city, Texas",1600000US4848072,75886,7469,102104,9365
"Bryan city, Texas",1600000US4810912,43283,5326,53086,3572
"Temple city, Texas",1600000US4872176,52416,7430,66602,6714
"Suffolk city, Virginia",1600000US5176432,70277,4682,87389,7524
"Dothan city, Alabama",1600000US0121184,44280,2058,68293,4402
"Huntsville city, Alabama",1600000US0137000,50704,4050,75731,3813
"San Tan Valley CDP, Arizona",1600000US0464210,61599,7480,69430,5613
"Buckeye city, Arizona",1600000US0407940,74970,8914,80756,7202
"Palo Alto city, California",1600000US0655282,153802,20228,235105,22380
"Florence-Graham CDP, California",1600000US0624477,43730,6379,53459,5290
"Hawthorne city, California",1600000US0632548,50063,4799,67269,6853
"Moreno Valley city, California",1600000US0649270,62198,3400,74461,3082
"Redlands city, California",1600000US0659962,65053,12183,93869,10814
"Santa Clarita city, California",1600000US0669088,90961,4549,110739,4858
"Mountain View city, California",1600000US0649670,135115,10779,177048,13297
"Lake Forest city, California",1600000US0639496,99913,10350,120347,8086
"Santa Ana city, California",1600000US0669000,65655,2829,80918,3097
"Whittier city, California",1600000US0685292,66525,8889,85060,7335
"Wilmington city, Delaware",1600000US1077580,35963,5100,66044,8294
"Washington city, District of Columbia",1600000US1150000,82372,2651,121095,3228
"Clearwater city, Florida",1600000US1212875,44062,2916,66384,6052
"Chicago city, Illinois",1600000US1714000,55295,1185,84552,1720
"Muncie city, Indiana",1600000US1851876,30555,3666,45914,4193
"Wichita city, Kansas",1600000US2079000,50504,1917,67381,2890
"Kansas City city, Kansas",1600000US2036000,45118,2486,56732,2928
"Metairie CDP, Louisiana",1600000US2250115,58947,4586,78899,4750
"Baton Rouge city, Louisiana",1600000US2205000,40796,4010,63851,5430
"Southfield city, Michigan",1600000US2674900,58813,3810,81848,10795
"Flint city, Michigan",1600000US2629000,26901,2193,36979,3283
"Bloomington city, Minnesota",1600000US2706616,69642,6061,91054,6724
"Plymouth city, Minnesota",1600000US2751730,97770,7716,130254,8934
"Albuquerque city, New Mexico",1600000US3502000,50456,1750,69071,2586
"Cheektowaga CDP, New York",1600000US3615000,53502,4135,68068,5997
"Mount Vernon city, New York",1600000US3649121,55564,8699,75414,5938
"Cary town, North Carolina",1600000US3710740,99209,4102,120458,5220
"Longview city, Texas",1600000US4843888,46081,2793,64460,7691
"Orem city, Utah",1600000US4957300,61729,3368,78231,5133
"Richmond city, Virginia",1600000US5167000,46261,2332,70055,3327
"Dale City CDP, Virginia",1600000US5121088,85385,6656,103749,6454
"Yuma city, Arizona",1600000US0485540,50195,7541,63458,4912
"Casas Adobes CDP, Arizona",1600000US0410670,65029,5014,75547,4431
"Camarillo city, California",1600000US0610046,101310,6459,131215,13784
"Simi Valley city, California",1600000US0672016,90200,5597,108620,6898
"Thousand Oaks city, California",1600000US0678582,100338,6780,141235,10337
"Lake Elsinore city, California",1600000US0639486,67988,13907,73565,7638
"Madera city, California",1600000US0645022,42144,5376,54430,6143
"Merced city, California",1600000US0646898,40573,4267,59306,5592
"Tracy city, California",1600000US0680238,89936,8228,104870,8405
"Redwood City city, California",1600000US0660102,116966,9213,151285,11590
"Concord city, California",1600000US0616000,89118,4222,100246,4713
"San Ramon city, California",1600000US0668378,161870,20066,184996,9205
"Redding city, California",1600000US0659920,50320,4795,72878,6789
"Manteca city, California",1600000US0645484,71324,5650,83129,6600
"Union City city, California",1600000US0681204,117526,13972,131445,7726
"Davis city, California",1600000US0618100,72800,9002,121613,18714
"Tamarac city, Florida",1600000US1270675,41737,2260,58748,7846
"Hollywood city, Florida",1600000US1232000,50775,2639,73066,6294
"Plantation city, Florida",1600000US1257425,73817,5279,90373,6917
"Kendall CDP, Florida",1600000US1236100,72167,8216,100509,8847
"Miami Beach city, Florida",1600000US1245025,50152,6923,87855,10628
"Springfield city, Illinois",1600000US1772000,51313,3409,72093,4460
"Naperville city, Illinois",1600000US1751622,126217,4382,147849,7274
"Lafayette city, Indiana",1600000US1840788,45315,5478,56872,5295
"Shreveport city, Louisiana",1600000US2270000,32983,3029,57571,5290
"Lake Charles city, Louisiana",1600000US2241155,43939,3509,64375,5645
"Portland city, Maine",1600000US2360545,56326,7072,71457,5045
"Farmington Hills city, Michigan",1600000US2627440,82592,5030,104657,6913
"St. Paul city, Minnesota",1600000US2758000,54290,2570,77291,3858
"Eagan city, Minnesota",1600000US2717288,86611,7205,112261,9391
"Durham city, North Carolina",1600000US3719000,56375,4188,81221,3183
"Concord city, North Carolina",1600000US3714100,67844,7409,90829,7911
"Greensboro city, North Carolina",1600000US3728000,47043,3027,68850,3585
"Beaverton city, Oregon",1600000US4105350,71979,4262,91005,7067
"Bend city, Oregon",1600000US4105800,66455,7468,84017,6748
"Cranston city, Rhode Island",1600000US4419180,71263,4057,87703,7153
"Warwick city, Rhode Island",1600000US4474300,73966,4628,88302,5899
"Providence city, Rhode Island",1600000US4459000,44517,6892,69509,5582
"Pawtucket city, Rhode Island",1600000US4454640,45380,4723,61568,4280
"Laredo city, Texas",1600000US4841464,44494,3553,58115,4020
"Fort Worth city, Texas",1600000US4827000,60205,2316,77953,2074
"Provo city, Utah",1600000US4962470,43126,4100,63035,5435
"St. George city, Utah",1600000US4965330,54210,4971,72688,6797
"Norfolk city, Virginia",1600000US5157000,49445,2567,69146,4392
"Tacoma city, Washington",1600000US5370000,57164,2589,73925,2672
"Mobile city, Alabama",1600000US0150000,40316,3001,61080,3601
"Scottsdale city, Arizona",1600000US0465000,88407,4673,129671,6743
"Pittsburg city, California",1600000US0657456,65497,8993,91059,9207
"Walnut Creek city, California",1600000US0683346,100180,11505,138521,11556
"Daly City city, California",1600000US0617918,90888,6330,107507,6862
"El Cajon city, California",1600000US0621712,50312,4223,70044,5233
"Victorville city, California",1600000US0682590,50997,9277,65536,6670
"Anaheim city, California",1600000US0602000,70395,4332,88459,4202
"Fullerton city, California",1600000US0628000,77385,8363,100375,6598
"Huntington Beach city, California",1600000US0636000,87120,3182,116066,6909
"Tustin city, California",1600000US0680854,81285,10433,111113,12639
"Richmond city, California",1600000US0660620,67102,7765,83838,7399
"Downey city, California",1600000US0619766,72178,7140,89745,7262
"Glendale city, California",1600000US0630000,58861,4736,88088,6236
"Palmdale city, California",1600000US0655156,60518,3767,75070,4890
"Redondo Beach city, California",1600000US0660018,104715,10629,143258,12295
"Alameda city, California",1600000US0600562,89979,6791,117847,9238
"Lynwood city, California",1600000US0644574,48812,9072,62276,7121
"Los Angeles city, California",1600000US0644000,60197,785,91496,1379
"Costa Mesa city, California",1600000US0616532,78904,6950,99872,5862
"Orange city, California",1600000US0653980,91092,3632,117694,10938
"El Monte city, California",1600000US0622230,51730,5187,62660,4993
"Ontario city, California",1600000US0653896,60086,3112,74674,3455
"Hemet city, California",1600000US0633182,39801,5237,52260,4246
"Perris city, California",1600000US0656700,62340,8807,72568,6470
"Davie town, Florida",1600000US1216475,63243,6452,102530,18608
"Coral Springs city, Florida",1600000US1214400,72557,4195,96141,6391
"Warner Robins city, Georgia",1600000US1380508,51435,2863,63188,6480
"Waukegan city, Illinois",1600000US1779293,48029,3254,62055,4685
"Kenner city, Louisiana",1600000US2239475,57009,4029,74789,6599
"Glen Burnie CDP, Maryland",1600000US2432650,62593,6556,75991,5704
"Minneapolis city, Minnesota",1600000US2743000,60789,2281,87976,3400
"Woodbury city, Minnesota",1600000US2771428,101069,7551,128796,13403
"Cincinnati city, Ohio",1600000US3915000,38938,1743,61545,3174
"Edmond city, Oklahoma",1600000US4023200,69570,2980,106368,12304
"Norman city, Oklahoma",1600000US4052500,54065,5948,75300,5488
"Eugene city, Oregon",1600000US4123850,50592,3747,73167,5949
"Rock Hill city, South Carolina",1600000US4561405,52663,4230,72511,7686
"North Charleston city, South Carolina",1600000US4550875,39265,4367,56637,5072
"Memphis city, Tennessee",1600000US4748000,39333,2011,59458,2391
"Jackson city, Tennessee",1600000US4737640,41956,6537,59107,7092
"Murfreesboro city, Tennessee",1600000US4751560,64953,5277,80093,6696
"Clarksville city, Tennessee",1600000US4715160,55021,3492,69143,4753
"Chattanooga city, Tennessee",1600000US4714000,41859,4284,66709,4355
"Johnson City city, Tennessee",1600000US4738320,35700,3374,62252,7869
"Atascocita CDP, Texas",1600000US4804462,99789,7678,105568,8870
"Austin city, Texas",1600000US4805000,67755,2053,96046,2821
"Amarillo city, Texas",1600000US4803000,51263,2183,69187,4609
"Kennewick city, Washington",1600000US5335275,51061,4524,68642,7975
"Pasco city, Washington",1600000US5353545,59200,10349,74599,6421
"Racine city, Wisconsin",1600000US5566000,43169,3443,56123,4794
"Avondale city, Arizona",1600000US0404720,55468,3675,68422,6269
"Tempe city, Arizona",1600000US0473000,51986,2681,69676,3868
"Surprise city, Arizona",1600000US0471510,65898,4618,82119,6562
"Goodyear city, Arizona",1600000US0428380,87481,9001,105950,9836
"Fort Smith city, Arkansas",1600000US0524550,38294,5580,58877,6422
"Fresno city, California",1600000US0627000,48600,2223,67874,2976
"Oceanside city, California",1600000US0653322,71609,3550,94619,5140
"Norwalk city, California",1600000US0652526,74730,7254,85847,5095
"Carson city, California",1600000US0611530,66784,6428,82011,6715
"Compton city, California",1600000US0615044,50637,5535,60614,4548
"Westminster city, California",1600000US0684550,57938,5874,82233,8095
"Arden-Arcade CDP, California",1600000US0602553,48812,3829,73503,4775
"Citrus Heights city, California",1600000US0613588,58774,5480,76274,6512
"Pleasanton city, California",1600000US0657792,152123,9241,198128,19103
"Oakland city, California",1600000US0653000,70577,3381,102628,3606
"Burbank city, California",1600000US0608954,71558,4948,96491,6920
"East Los Angeles CDP, California",1600000US0620802,43231,3602,53241,3845
"San Marcos city, California",1600000US0668196,76272,11169,103600,9167
"Delray Beach city, Florida",1600000US1217100,63357,10007,99546,8791
"Riverview CDP, Florida",1600000US1260950,73948,6982,81858,5445
"Boynton Beach city, Florida",1600000US1207875,51372,3826,67449,5429
"The Villages CDP, Florida",1600000US1271625,59863,4787,74995,7331
"Alpharetta city, Georgia",1600000US1301696,108188,16592,154423,18112
"Roswell city, Georgia",1600000US1367284,82743,12219,121831,11752
"Elgin city, Illinois",1600000US1723074,67646,6853,81000,6648
"Bloomington city, Illinois",1600000US1706613,67471,7421,89269,11303
"Aurora city, Illinois",1600000US1703012,70367,3412,89682,8184
"Lexington-Fayette urban county, Kentucky",1600000US2146027,56137,3391,80323,3285
"Louisville/Jefferson County metro government (balance), Kentucky",1600000US2148006,51960,1770,71521,1998
"Waldorf CDP, Maryland",1600000US2481175,92029,9939,101534,5570
"New Bedford city, Massachusetts",1600000US2545000,45784,3975,63632,5523
"Lynn city, Massachusetts",1600000US2537490,48900,4712,66751,5263
"Worcester city, Massachusetts",1600000US2582000,41561,3151,60903,4649
"Lawrence city, Massachusetts",1600000US2534550,41499,5591,56784,6486
"Kalamazoo city, Michigan",1600000US2642160,42271,2859,61971,5433
"Mansfield city, Texas",1600000US4846452,88736,10549,107535,8191
"New Braunfels city, Texas",1600000US4850820,58814,5647,80203,5984
"Carrollton city, Texas",1600000US4813024,77998,3733,94392,5407
"Layton city, Utah",1600000US4943660,76371,4425,91226,6712
"West Jordan city, Utah",1600000US4982950,74400,5066,86712,4898
"Spokane city, Washington",1600000US5367000,46543,1702,64789,2764
"Everett city, Washington",1600000US5322640,61248,6960,73459,3977
"Yakima city, Washington",1600000US5380010,41121,1413,57695,4976
"Little Rock city, Arkansas",1600000US0541000,57534,4229,85263,5023
"Santa Cruz city, California",1600000US0669112,71442,12493,105378,13051
"Santa Monica city, California",1600000US0670000,90088,13125,148481,20145
"Hialeah city, Florida",1600000US1230000,34512,2814,47070,3058
"Homestead city, Florida",1600000US1232275,47426,8055,68591,10181
"Miami city, Florida",1600000US1245000,40327,2658,67340,3831
"St. Petersburg city, Florida",1600000US1263000,55134,2688,80310,4334
"Pine Hills CDP, Florida",1600000US1256825,37194,5183,47004,8071
"Fort Lauderdale city, Florida",1600000US1224000,56309,5328,91447,6708
"Arlington Heights village, Illinois",1600000US1702154,101634,5356,126398,10818
"Des Moines city, Iowa",1600000US1921000,51355,2185,65005,2682
"Cedar Rapids city, Iowa",1600000US1912000,56096,3000,70818,3300
"Frederick city, Maryland",1600000US2430325,73457,5738,91081,5722
"Brockton city, Massachusetts",1600000US2509000,58357,6058,71698,4838
"Framingham CDP, Massachusetts",1600000US2524960,84050,13027,105136,11156
"Springfield city, Massachusetts",1600000US2567000,36234,3778,52617,3807
"Quincy city, Massachusetts",1600000US2555745,77765,8146,97526,6853
"Cambridge city, Massachusetts",1600000US2511000,97316,8058,134742,8917
"Lansing city, Michigan",1600000US2646000,39957,2260,51762,3413
"Las Cruces city, New Mexico",1600000US3539380,36364,5038,54891,5450
"Rio Rancho city, New Mexico",1600000US3563460,57349,7661,67599,5665
"Akron city, Ohio",1600000US3901000,36816,1752,52699,3963
"Toledo city, Ohio",1600000US3977000,37339,2292,49235,2065
"Allentown city, Pennsylvania",1600000US4202000,39687,5267,53392,4043
"Greenville city, South Carolina",1600000US4530850,52900,3269,88787,8140
"Nashville-Davidson metropolitan government (balance), Tennessee",1600000US4752006,57737,2327,79221,2375
"Dallas city, Texas",1600000US4819000,50627,914,80735,1888
"Round Rock city, Texas",1600000US4863500,79444,4425,97626,5966
"Pharr city, Texas",1600000US4857200,41286,4807,52246,6203
"McAllen city, Texas",1600000US4845384,44108,6730,62557,4916
"El Paso city, Texas",1600000US4824000,44754,1908,61557,2205
"Houston city, Texas",1600000US4835000,50896,727,82151,1773
"Sandy city, Utah",1600000US4967440,88481,6892,108011,8823
"Salt Lake City city, Utah",1600000US4967000,58688,3717,81600,4521
"North Little Rock city, Arkansas",1600000US0550450,40579,4747,57979,8124
"South Gate city, California",1600000US0673080,50355,2884,61916,6244
"West Covina city, California",1600000US0684200,81170,4388,103278,7980
"Garden Grove city, California",1600000US0629000,66842,3857,84333,4696
"Laguna Niguel city, California",1600000US0639248,102386,11595,139036,14017
"Yorba Linda city, California",1600000US0686832,132952,14956,173537,14291
"Santa Maria city, California",1600000US0669196,60320,6447,72960,5562
"Santa Barbara city, California",1600000US0669070,79740,8815,111093,8966
"South San Francisco city, California",1600000US0673262,94459,15502,117599,10899
"Oxnard city, California",1600000US0654652,68994,5304,86688,7096
"Albany city, Georgia",1600000US1301052,33434,5229,47288,4150
"Savannah city, Georgia",1600000US1369000,42869,4041,61682,4895
"Schaumburg village, Illinois",1600000US1768003,80227,4161,101047,8419
"Decatur city, Illinois",1600000US1718823,43225,4231,57830,4517
"Palatine village, Illinois",1600000US1757225,71794,6395,102731,10688
"Ellicott City CDP, Maryland",1600000US2426000,123380,6816,144816,9047
"Silver Spring CDP, Maryland",1600000US2472450,84393,6987,105782,9265
"Germantown CDP, Maryland",1600000US2432025,96701,6781,110363,7310
"Bethesda CDP, Maryland",1600000US2407125,166380,17500,231674,17048
"Newton city, Massachusetts",1600000US2545560,144403,8545,191159,12471
"Westland city, Michigan",1600000US2686000,47943,3742,61058,4857
"Buffalo city, New York",1600000US3611000,34814,2348,52055,2943
"New Rochelle city, New York",1600000US3650617,84516,8535,135438,14574
"Fayetteville city, North Carolina",1600000US3722920,42629,1883,54224,2263
"Oklahoma City city, Oklahoma",1600000US4055000,52062,1456,74194,2540
"Mount Pleasant town, South Carolina",1600000US4548535,91259,8773,129279,14253
"Tyler city, Texas",1600000US4874144,51956,5967,70184,6722
"Cedar Park city, Texas",1600000US4813552,99461,6614,117454,10423
"College Station city, Texas",1600000US4815976,44124,4531,69143,7813
"Mission city, Texas",1600000US4848768,45285,5353,74606,13634
"Ogden city, Utah",1600000US4955980,44965,4285,60792,5959
"South Jordan city, Utah",1600000US4970850,103534,11460,121292,10649
"West Valley City city, Utah",1600000US4983470,65143,5368,74863,4858
"Seattle city, Washington",1600000US5363000,86822,2716,119005,3932
"Oshkosh city, Wisconsin",1600000US5560500,49972,3676,60529,3875
"Kenosha city, Wisconsin",1600000US5539225,52848,4762,72956,6335
"Jonesboro city, Arkansas",1600000US0535710,49563,3996,67752,6015
"Westminster city, Colorado",1600000US0883835,64214,4145,80843,3595
"Aurora city, Colorado",1600000US0804000,63055,2277,80043,2545
"Spring Hill CDP, Florida",1600000US1268350,46710,3683,60799,5282
"Fort Myers city, Florida",1600000US1224125,45511,5120,68862,7263
"The Hammocks CDP, Florida",1600000US1271569,68076,7658,78652,6721
"Town 'n' Country CDP, Florida",1600000US1272145,52339,4077,75020,8124
"Boca Raton city, Florida",1600000US1207300,80815,9869,134175,14844
"Lakeland city, Florida",1600000US1238250,46466,2770,63429,4604
"Indianapolis city (balance), Indiana",1600000US1836003,47225,1470,66016,1945
"South Bend city, Indiana",1600000US1871000,42007,4315,58587,4055
"Lowell city, Massachusetts",1600000US2537000,50391,4890,66710,4874
"Fall River city, Massachusetts",1600000US2523000,43235,4388,59647,6527
"Boston city, Massachusetts",1600000US2507000,66758,2302,100760,4039
"Somerville city, Massachusetts",1600000US2562535,89478,12750,112349,10293
"Rochester Hills city, Michigan",1600000US2669035,93573,7573,122004,8358
"Rochester city, Minnesota",1600000US2754880,75464,4993,94968,5465
"Duluth city, Minnesota",1600000US2717000,49078,4050,68019,5005
"Santa Fe city, New Mexico",1600000US3570500,57022,5692,75882,7183
"High Point city, North Carolina",1600000US3731400,49860,4364,66414,4774
"Charleston city, South Carolina",1600000US4513330,63364,4917,95574,6559
"Killeen city, Texas",1600000US4839148,45404,4229,54161,3271
"Abilene city, Texas",1600000US4801000,49365,6601,66137,4570
"Bellingham city, Washington",1600000US5305280,53369,3840,66529,4402
"Auburn city, Washington",1600000US5303180,69243,11482,81813,5662
"Marysville city, Washington",1600000US5343955,80981,6564,90591,8505
"Anchorage municipality, Alaska",1600000US0203000,79166,4990,100976,4250
"Highlands Ranch CDP, Colorado",1600000US0836410,115195,6425,140616,8718
"Broomfield city, Colorado",1600000US0809280,90939,6648,111665,7706
"Orlando city, Florida",1600000US1253000,47594,2532,70027,4387
"Tampa city, Florida",1600000US1271000,50489,1610,81511,4013
"Bloomington city, Indiana",1600000US1805860,38897,3403,56422,5249
"Davenport city, Iowa",1600000US1919000,50081,3433,63016,4109
"Ames city, Iowa",1600000US1901855,51860,13758,72359,6529
"Broken Arrow city, Oklahoma",1600000US4009050,68811,4135,86234,3859
"Pittsburgh city, Pennsylvania",1600000US4261000,45851,2739,69956,3000
"Columbia city, South Carolina",1600000US4516000,42646,4333,72580,6313
"Frisco city, Texas",1600000US4827684,122302,9679,145926,9586
"Victoria city, Texas",1600000US4875428,49525,5695,69698,6545
"Mesquite city, Texas",1600000US4847892,54775,3427,64750,3540
"Grand Prairie city, Texas",1600000US4830464,67099,4787,79174,3763
"Lewisville city, Texas",1600000US4842508,65578,3157,79172,5124
"Rogers city, Arkansas",1600000US0560410,60527,3819,89912,10813
"Fayetteville city, Arkansas",1600000US0523290,42365,5844,63584,5830
"Springdale city, Arkansas",1600000US0566080,51152,4960,66728,6357
"Hesperia city, California",1600000US0633434,55418,9842,67116,6790
"Chino Hills city, California",1600000US0613214,99763,8344,118176,8924
"Fontana city, California",1600000US0624680,67067,5773,85778,5537
"Rancho Cucamonga city, California",1600000US0659451,90034,4652,105407,5271
"Upland city, California",1600000US0681344,70760,5503,96797,7867
"Longmont city, Colorado",1600000US0845970,73832,6643,92205,5869
"Colorado Springs city, Colorado",1600000US0816000,59514,2550,78613,2283
"Pueblo city, Colorado",1600000US0862000,36124,1878,51674,3544
"Greeley city, Colorado",1600000US0832155,53379,4031,66544,3505
"Thornton city, Colorado",1600000US0877290,77092,4149,86593,4944
"Deltona city, Florida",1600000US1217200,53171,4693,59123,5165
"Lehigh Acres CDP, Florida",1600000US1239925,47242,5378,55463,3976
"Daytona Beach city, Florida",1600000US1216525,33228,4146,46004,3780
"Atlanta city, Georgia",1600000US1304000,57597,3481,103457,4867
"Columbus city, Georgia",1600000US1319000,42107,3000,64410,4155
"Cicero town, Illinois",1600000US1714351,51186,4622,58421,4197
"Bismarck city, North Dakota",1600000US3807200,62755,4356,75971,6114
"Lorain city, Ohio",1600000US3944856,32379,4101,46311,4281
"Wichita Falls city, Texas",1600000US4879000,42959,3935,56119,3871
"Plano city, Texas",1600000US4858016,94306,4232,121001,5503
"The Woodlands CDP, Texas",1600000US4872656,117180,15990,175323,22085
"Brownsville city, Texas",1600000US4810768,36176,4967,49650,3171
"League City city, Texas",1600000US4841980,98593,8806,116212,10278
"Arlington CDP, Virginia",1600000US5103000,117237,6537,151123,8075
"Newport News city, Virginia",1600000US5156000,49716,2824,63376,3948
"Lynchburg city, Virginia",1600000US5147672,45239,5158,57341,4433
"Virginia Beach city, Virginia",1600000US5182000,72586,2324,95226,4010
"Vancouver city, Washington",1600000US5374060,61079,3305,76237,3577
"Kent city, Washington",1600000US5335415,67497,3884,82398,4988
"Renton city, Washington",1600000US5357745,78703,6519,98224,8618
"Federal Way city, Washington",1600000US5323515,61804,4928,84103,8391
"Bellevue city, Washington",1600000US5305210,121168,11196,162897,12730
"Eau Claire city, Wisconsin",1600000US5522300,52355,5863,67565,5283
"Guaynabo zona urbana, Puerto Rico",1600000US7232522,32845,8520,56068,10847
"Ponce zona urbana, Puerto Rico",1600000US7263820,16203,1420,24301,2680
"Carolina zona urbana, Puerto Rico",1600000US7214290,30555,2656,41634,3998
"San Juan zona urbana, Puerto Rico",1600000US7276770,21533,1588,42821,3379
"Antioch city, California",1600000US0602252,70696,4120,89317,7126
"Stockton city, California",1600000US0675000,51336,2074,72007,4469
"Long Beach city, California",1600000US0643000,60557,2249,85248,3831
"Pasadena city, California",1600000US0656000,76972,5995,111754,7352
"Pomona city, California",1600000US0658072,58837,4775,74023,5111
"Napa city, California",1600000US0650258,82361,7662,104736,6809
"Escondido city, California",1600000US0622804,62210,5245,82583,6376
"Denver city, Colorado",1600000US0820000,65224,2673,96244,3124
"Arvada city, Colorado",1600000US0803455,81787,3233,99430,7140
"Centennial city, Colorado",1600000US0812815,106012,9488,128362,5855
"Sandy Springs city, Georgia",1600000US1368516,74223,7034,129857,10572
"Athens-Clarke County unified government (balance), Georgia",1600000US1303440,39714,4478,60597,5216
"Augusta-Richmond County consolidated government (balance), Georgia",1600000US1304204,37073,2353,54439,3555
"Johns Creek city, Georgia",1600000US1342425,110482,11397,145324,15303
"Macon-Bibb County, Georgia",1600000US1349008,37477,3560,62037,5915
"Lawton city, Oklahoma",1600000US4041850,47591,5665,60669,6883
"Lubbock city, Texas",1600000US4845000,45764,4170,67130,3862
"Allen city, Texas",1600000US4801924,106475,11305,135502,14399
"Conroe city, Texas",1600000US4816432,60931,4104,77654,7237
"Baytown city, Texas",1600000US4806128,56042,6994,65472,4873
"Pasadena city, Texas",1600000US4856000,50210,3943,66074,4922
"Pearland city, Texas",1600000US4856348,105806,9598,122099,9497
"Kirkland city, Washington",1600000US5335940,106722,9037,152500,12021
"Madison city, Wisconsin",1600000US5548000,65072,3618,81776,3358
"Conway city, Arkansas",1600000US0515190,43182,6379,66283,8511
"Lancaster city, California",1600000US0640130,52878,3516,66529,4422
"San Mateo city, California",1600000US0668252,108058,12286,152395,9813
"Bakersfield city, California",1600000US0603526,57105,3725,74159,3218
"Corona city, California",1600000US0616350,83345,4708,99056,5366
"West Palm Beach city, Florida",1600000US1276600,51871,2476,72836,5720
"Sunrise city, Florida",1600000US1269700,61887,4715,72813,4670
"Peoria city, Illinois",1600000US1759000,48146,3023,72074,5097
"Carmel city, Indiana",1600000US1810342,109858,11257,151851,13544
"Brentwood CDP, New York",1600000US3608026,85762,10167,118767,25854
"Cleveland city, Ohio",1600000US3916000,28974,1602,41869,1413
"Dayton city, Ohio",1600000US3921000,30643,2523,43290,3641
"Columbus city, Ohio",1600000US3918000,51708,1067,65562,1901
"Reading city, Pennsylvania",1600000US4263624,31160,3034,43477,4177
"Rapid City city, South Dakota",1600000US4652980,49602,4621,70903,7028
"San Antonio city, Texas",1600000US4865000,50044,1296,67325,1653
"Garland city, Texas",1600000US4829000,57483,3496,75343,5312
"Richardson city, Texas",1600000US4861796,72635,8154,93810,6452
"Harlingen city, Texas",1600000US4832372,38230,5014,58949,11047
"Sugar Land city, Texas",1600000US4870808,110798,17011,154753,18439
"Centreville CDP, Virginia",1600000US5114440,106972,14678,130449,8757
"Alexandria city, Virginia",1600000US5101000,100530,2853,125029,5261
"Hampton city, Virginia",1600000US5135000,54062,4246,71106,4959
"Spokane Valley city, Washington",1600000US5367167,49888,4972,66235,4576
"Appleton city, Wisconsin",1600000US5502375,58374,5766,82818,8937
"Roseville city, California",1600000US0662938,80426,5823,100784,5437
"Chino city, California",1600000US0613210,72396,9407,88831,7835
"San Bernardino city, California",1600000US0665000,46510,2264,58487,4179
"Apple Valley town, California",1600000US0602364,55951,6946,78037,9626
"San Buenaventura (Ventura) city, California",1600000US0665042,72100,5394,86970,4881
"Boulder city, Colorado",1600000US0807850,66524,3404,105809,8399
"Port St. Lucie city, Florida",1600000US1258715,57045,3242,67009,3928
"Deerfield Beach city, Florida",1600000US1216725,46238,3981,59780,5275
"Tallahassee city, Florida",1600000US1270600,45153,2498,68290,4724
"Boise City city, Idaho",1600000US1608830,55943,3166,76662,5771
"Meridian city, Idaho",1600000US1652120,64273,6047,80920,8871
"Rockford city, Illinois",1600000US1765000,44765,2738,61238,3635
"Fort Wayne city, Indiana",1600000US1825000,46599,2924,61394,2477
"Hammond city, Indiana",1600000US1831000,45999,3116,56688,5543
"Syracuse city, New York",1600000US3673000,35568,2002,48225,2640
"Schenectady city, New York",1600000US3665508,42565,3653,55674,5118
"Jacksonville city, North Carolina",1600000US3734200,43839,3862,58947,8190
"Charlotte city, North Carolina",1600000US3712000,61350,1942,92835,3083
"Winston-Salem city, North Carolina",1600000US3775000,44146,2775,68383,3926
"Fargo city, North Dakota",1600000US3825700,59542,8105,73354,4811
"Tulsa city, Oklahoma",1600000US4075000,45894,932,68777,2438
"Scranton city, Pennsylvania",1600000US4269000,35904,3850,51311,4038
"Corpus Christi city, Texas",1600000US4817000,53605,2454,75078,4106
"Beaumont city, Texas",1600000US4807000,48043,2666,65814,5977
"Waco city, Texas",1600000US4876000,39063,3083,57553,4396
"Georgetown city, Texas",1600000US4829336,71829,7808,92173,8275
"Irving city, Texas",1600000US4837000,62837,2818,83034,3505
"Missouri City city, Texas",1600000US4848804,76572,7306,105282,9853
"Milwaukee city, Wisconsin",1600000US5553000,39098,1638,53333,1548
"Bayamón zona urbana, Puerto Rico",1600000US7206593,26031,3345,37774,2994
"Caguas zona urbana, Puerto Rico",1600000US7210334,21873,1799,28932,2716
"Peoria city, Arizona",1600000US0454050,72142,5108,90327,5349
"Castro Valley CDP, California",1600000US0611964,108527,8582,128864,9562
"Clovis city, California",1600000US0614218,78146,6125,94726,5402
"Chico city, California",1600000US0613014,50544,5544,70247,6444
"Carlsbad city, California",1600000US0611194,101646,4679,141731,11476
"Chula Vista city, California",1600000US0613392,77273,5164,98306,11685
"Vacaville city, California",1600000US0681554,80425,7178,92201,4754
"Lakewood city, Colorado",1600000US0843000,67255,5796,86326,4275
"Fort Collins city, Colorado",1600000US0827425,60731,6700,81151,4108
"Loveland city, Colorado",1600000US0846465,60933,5141,73834,4840
"Melbourne city, Florida",1600000US1243975,43979,3833,61324,6111
"Kissimmee city, Florida",1600000US1236950,39871,5245,49992,5256
"Cape Coral city, Florida",1600000US1210275,54358,4386,73027,4713
"Palm Coast city, Florida",1600000US1254200,49578,5877,61857,4665
"Palm Bay city, Florida",1600000US1254000,46301,5823,57530,3991
"Nampa city, Idaho",1600000US1656260,42302,4163,51202,4168
"Iowa City city, Iowa",1600000US1938595,50320,3633,68461,5920
"Yonkers city, New York",1600000US3684000,59846,4353,83099,5135
"Canton city, Ohio",1600000US3912000,30046,3073,45274,6117
"Erie city, Pennsylvania",1600000US4224000,37721,2915,52800,5154
"Green Bay city, Wisconsin",1600000US5531000,47794,3319,63003,4633
"Chandler city, Arizona",1600000US0412000,76860,5338,99016,3941
"Glendale city, Arizona",1600000US0427820,53753,3348,74938,5806
"Mesa city, Arizona",1600000US0446000,55014,2863,74232,2654
"Flagstaff city, Arizona",1600000US0423620,56059,5997,72034,6527
"Phoenix city, Arizona",1600000US0455000,56696,959,77285,1472
"Gilbert town, Arizona",1600000US0427400,84699,5095,103312,4185
"Tucson city, Arizona",1600000US0477000,41613,1581,55395,1468
"Vallejo city, California",1600000US0681666,65493,4295,83901,5778
"Milpitas city, California",1600000US0647766,127984,18495,149951,13722
"Buena Park city, California",1600000US0608786,65139,7268,79837,6359
"San Leandro city, California",1600000US0668084,64923,11110,88938,7004
"Alhambra city, California",1600000US0600884,61724,6652,84051,8409
"Modesto city, California",1600000US0648354,56493,3425,73406,3435
"Turlock city, California",1600000US0680812,59836,9859,77203,8557
"Indio city, California",1600000US0636448,45278,5408,62248,5748
"Murrieta city, California",1600000US0650076,82249,6143,108570,13175
"Torrance city, California",1600000US0680000,88860,6181,109822,5738
"Bridgeport city, Connecticut",1600000US0908000,45048,3106,63277,5057
"Danbury city, Connecticut",1600000US0918430,65596,7155,85456,8427
"New Haven city, Connecticut",1600000US0952000,44445,5861,66685,4951
"Stamford city, Connecticut",1600000US0973000,87316,10763,136286,10871
"Brandon CDP, Florida",1600000US1208150,54909,3487,68770,4804
"Poinciana CDP, Florida",1600000US1257900,45889,7248,54095,7381
"Pembroke Pines city, Florida",1600000US1255775,72056,6179,86845,5313
"Pompano Beach city, Florida",1600000US1258050,49419,2571,69951,4791
"Gainesville city, Florida",1600000US1225175,34226,3502,53143,6562
"Largo city, Florida",1600000US1239425,43363,5909,58349,4821
"North Port city, Florida",1600000US1249675,53662,10070,68747,8207
"Evanston city, Illinois",1600000US1724582,77821,12168,117139,9860
"Skokie village, Illinois",1600000US1770122,65792,6732,93693,9727
"Fishers city, Indiana",1600000US1823278,113560,9993,138329,11664
"Evansville city, Indiana",1600000US1822000,36690,3142,52580,5487
"Albany city, New York",1600000US3601000,49307,4649,68128,5758
"New York city, New York",1600000US3651000,60879,500,97836,1335
"Wilmington city, North Carolina",1600000US3774440,46079,3051,72650,5934
"Parma city, Ohio",1600000US3961000,54588,3508,66331,4351
"Bethlehem city, Pennsylvania",1600000US4206088,53504,6852,74745,8962
"Sioux Falls city, South Dakota",1600000US4659020,61915,1598,78630,4170
"Paterson city, New Jersey",1600000US3457000,41367,4266,51639,3366
"Elizabeth city, New Jersey",1600000US3421000,46754,3545,60469,3243
"East Orange city, New Jersey",1600000US3419390,52165,6915,62856,5245
"Newark city, New Jersey",1600000US3451000,35167,2761,49703,2811
"Jackson city, Mississippi",1600000US2836000,39004,2218,55972,4108
"Gulfport city, Mississippi",1600000US2829700,35758,6187,51544,4753
"Henderson city, Nevada",1600000US3231900,69667,2460,97755,5177
"Las Vegas city, Nevada",1600000US3240000,56699,1535,78406,3449
"Missoula city, Montana",1600000US3050200,44241,7307,64509,6345
"Sparks city, Nevada",1600000US3268400,58961,3817,77457,5494
"Paradise CDP, Nevada",1600000US3254600,45777,2963,63729,4532
"Sunrise Manor CDP, Nevada",1600000US3271400,44412,3437,55977,4101
"Reno city, Nevada",1600000US3260600,57125,2800,77210,3580
"North Las Vegas city, Nevada",1600000US3251800,56059,2358,67225,3237
"Enterprise CDP, Nevada",1600000US3223770,79089,4701,104945,10841
"Toms River CDP, New Jersey",1600000US3473110,79654,10183,97192,6871
"Bayonne city, New Jersey",1600000US3403580,60529,8128,77425,5639
"Jersey City city, New Jersey",1600000US3436000,66264,5849,100237,5203
"Camden city, New Jersey",1600000US3410000,24540,4496,36286,4789
"Springfield city, Missouri",1600000US2970000,36421,2677,51113,2865
"O'Fallon city, Missouri",1600000US2954074,85831,4119,103623,7919
"St. Charles city, Missouri",1600000US2964082,63574,5893,86333,9208
"St. Louis city, Missouri",1600000US2965000,41441,2258,61530,2756
"St. Joseph city, Missouri",1600000US2964550,43585,4243,59958,4689
"Columbia city, Missouri",1600000US2915670,47043,5203,68585,5097
"Spring Valley CDP, Nevada",1600000US3268585,56063,2622,73981,4727
"Kansas City city, Missouri",1600000US2938000,51330,1346,73522,2445
"Lee's Summit city, Missouri",1600000US2941348,86695,5233,103946,7002
"Independence city, Missouri",1600000US2935000,49855,3860,63192,6203
"Omaha city, Nebraska",1600000US3137000,56406,1880,78037,2639
"Lincoln city, Nebraska",1600000US3128000,56160,2807,75073,2997
"Manchester city, New Hampshire",1600000US3345140,56819,4826,69805,4161
"Union City city, New Jersey",1600000US3474630,40468,5654,60073,5687
"Clifton city, New Jersey",1600000US3413690,70387,9901,86681,5814
"Passaic city, New Jersey",1600000US3456550,36723,6843,54071,5773
"Billings city, Montana",1600000US3006550,57527,3937,80336,8344
"Nashua city, New Hampshire",1600000US3350260,70261,3383,90812,6125
"Trenton city, New Jersey",1600000US3474000,31882,3122,49435,6438
